{
  "fieldSchema": {
    "name": "rights",
    "type": "row",
    "fields": [
      {
        "name": "territories",
        "type": "dropdown",
        "label": "Territories",
        "options": [
          {
            "fieldKey": "territories",
            "chipSelect": true,
            "defaultValue": "Worldwide"
          }
        ],
        "validators": [
          {
            "required": true
          }
        ],
        "columnWidth": 50,
        "multiSelect": true
      },
      {
        "name": "availableOn",
        "type": "datepicker",
        "label": "Available on",
        "options": [
          {
            "validEndYear": 2050,
            "validStartYear": 1950
          }
        ],
        "validators": [
          {
            "required": true
          }
        ],
        "columnWidth": 30
      },
      {
        "name": "platform",
        "type": "dropdown",
        "label": "Platform",
        "options": [
          {
            "fieldKey": "platform",
            "defaultValue": "All Media"
          }
        ],
        "dependency": [
          {
            "field": "recordCompany",
            "value": [
              "Unsigned",
              "Independent"
            ],
            "action": "disable",
            "except": true,
            "fieldInRoot": true
          }
        ],
        "validators": [
          {
            "required": false
          }
        ],
        "columnWidth": 20,
        "multiSelect": true
      }
    ]
  },
  "fieldKey": "rights"
}