{
  "dashboard-submissions-per-page": 30,
  "dashboard-filter-value": "",
  "submission-show-thumbnail": false,
  "dashboard-quick-filter-selection": "ALL",
  "dashboard-start-date": "",
  "dashboard-end-date": "",
  "dashboard-all-columns": [
    {
      "name": "id",
      "label": "Submission ID",
      "order": 1
    },
    {
      "name": "trackUrl",
      "label": "Preview Submission Video",
      "order": 3
    },
    {
      "name": "trackTitle",
      "label": "Title",
      "order": 4
    },
    {
      "name": "version",
      "label": "Version",
      "order": 10
    },
    {
      "name": "artistName",
      "label": "Artist Name",
      "order": 10
    },
    {
      "name": "recordLabel",
      "label": "Record Label",
      "order": 10
    },
    {
      "name": "recordCompany",
      "label": "Record Company",
      "order": 10
    },
    {
      "name": "isrc",
      "label": "ISRC",
      "order": 2
    },
    {
      "name": "createdBy",
      "label": "Created By",
      "order": 3
    },
    {
      "name": "createdDate",
      "label": "Created Date",
      "order": 5
    },
    {
      "name": "sharedBy",
      "label": "Shared By",
      "order": 6
    },
    {
      "name": "sharedWith",
      "label": "Shared With",
      "order": 6
    },
    {
      "name": "submittedToRegion",
      "label": "Submitted to Region",
      "order": 10
    },
    {
      "name": "submissionStatusCode",
      "label": "Status",
      "order": 7
    },
    {
      "name": "share",
      "label": "Share",
      "order": 8
    },
    {
      "name": "statusDetail",
      "label": "Status Detail",
      "order": 9
    },
    {
      "name": "explicit",
      "label": "Explicit - Yes/No",
      "order": 10
    }
  ],
  "dashboard-shown-column-filters": [
    "isrc",
    "trackTitle",
    "createdBy",
    "CreatedDate",
    "submissionStatusCode",
    "share",
    "statusDetail"
  ],
  "dashboard-shown-shared-by-column-filters": [
    "isrc",
    "trackTitle",
    "createdBy",
    "CreatedDate",
    "sharedBy",
    "submissionStatusCode",
    "share",
    "statusDetail"
  ],
  "dashboard-shown-shared-with-column-filters": [
    "isrc",
    "trackTitle",
    "createdBy",
    "CreatedDate",
    "sharedWith",
    "submissionStatusCode",
    "share",
    "statusDetail"
  ],
  "dashboard-shown-status-filters": [
    "AWAITINGELEMENTS",
    "PENDINGQC",
    "PENDINGAPPROVAL",
    "REJECTED",
    "ARCHIVED",
    "ALL"
  ],
  "email-preferences": [
    {
      "name": "Submission Received",
      "value": true
    },
    {
      "name": "Submission Approved",
      "value": true
    },
    {
      "name": "Music Video Approved",
      "value": true
    },
    {
      "name": "Submission Pending Approval",
      "value": true
    },
    {
      "name": "Submission Updated",
      "value": true
    }
  ]
}