{
    "id": 11000,
    "contentSchema": {
        "tabs": [
            {
                "name": "tab-one",
                "columns": [
                    {
                        "name": "column-one",
                        "groups": [
                            {
                                "name": "Track Title & Artists",
                                "order": 1,
                                "fields": [
                                    {
                                        "name": "trackTitle",
                                        "type": "textbox",
                                        "label": "Track Title",
                                        "order": 1,
                                        "value": "",
                                        "options": [
                                            {
                                                "searchable": true
                                            }
                                        ],
                                        "validators": [
                                            {
                                                "pattern": "\\S(.*\\S)?",
                                                "required": true,
                                                "maxLength": "25",
                                                "minLength": "2"
                                            }
                                        ],
                                        "description": "Description of the field",
                                        "placeholder": ""
                                    },
                                    {
                                        "name": "artists_row",
                                        "type": "row",
                                        "fields": [
                                            {
                                                "name": "artists_dropdown_row",
                                                "type": "dropdown",
                                                "options": [
                                                    {
                                                        "fieldKey": "ArtistTypeParams",
                                                        "defaultValue": "none"
                                                    },
                                                    {
                                                        "hideAtRow": 0
                                                    }
                                                ],
                                                "validators": [
                                                    {
                                                        "required": false
                                                    }
                                                ],
                                                "columnWidth": 30,
                                                "multiSelect": false
                                            },
                                            {
                                                "name": "artists_textbox_row",
                                                "type": "textbox",
                                                "label": "Artist Name",
                                                "value": "",
                                                "validators": [
                                                    {
                                                        "pattern": "\\S(.*\\S)?",
                                                        "required": true,
                                                        "maxLength": "25",
                                                        "minLength": "2"
                                                    }
                                                ],
                                                "columnWidth": 70,
                                                "description": "Description of the field",
                                                "options": [
                                                    {
                                                        
                                                    }
                                                ]
                                            }
                                        ],
                                        "options": [
                                            {
                                                "hideRemoveAction": {
                                                    "atRowIndex": 0
                                                }
                                            },
                                            {
                                                "dynamicValidators": [
                                                    {
                                                        "fieldName": "artists_textbox_row",
                                                        "validators": [
                                                            {
                                                                "pattern": "(.*?)",
                                                                "required": false,
                                                                "maxLength": "25",
                                                                "minLength": "2"
                                                            }
                                                        ],
                                                        "afterRowIndex": 0
                                                    }
                                                ]
                                            }
                                        ]
                                    }
                                ],
                                "collapseable": false
                            },
                            {
                                "name": "Album & Records",
                                "order": 1,
                                "fields": [
                                    {
                                        "name": "albumTitle",
                                        "type": "textbox",
                                        "label": "Album Title",
                                        "validators": [
                                            {
                                                "pattern": "\\S(.*\\S)?",
                                                "required": false,
                                                "maxLength": "25",
                                                "minLength": "2"
                                            }
                                        ]
                                    },
                                    {
                                        "name": "parentLabel",
                                        "type": "dropdown",
                                        "label": "Record Company",
                                        "options": [
                                            {
                                                "fieldKey": "ParentLabelParams",
                                                "defaultValue": null
                                            }
                                        ],
                                        "validators": [
                                            {
                                                "required": true
                                            }
                                        ],
                                        "multiSelect": false
                                    },
                                    {
                                        "name": "record_label_row",
                                        "type": "row",
                                        "fields": [
                                            {
                                                "name": "recordLabel",
                                                "type": "textbox",
                                                "label": "Record Label",
                                                "value": "",
                                                "options": [
                                                    {
                                                        "infoMessage": "If same as Record Co. please enter again."
                                                    }
                                                ],
                                                "validators": [
                                                    {
                                                        "pattern": "\\S(.*\\S)?",
                                                        "required": true,
                                                        "maxLength": "25",
                                                        "minLength": "2"
                                                    }
                                                ],
                                                "columnWidth": 50
                                            },
                                            {
                                                "name": "yearOfProduction",
                                                "type": "dropdown",
                                                "label": "Year of Production",
                                                "options": [
                                                    {
                                                        "fieldKey": "ProductionYearParams",
                                                        "defaultValue": null
                                                    }
                                                ],
                                                "validators": [
                                                    {
                                                        "required": true
                                                    }
                                                ],
                                                "columnWidth": 30,
                                                "multiSelect": false
                                            },
                                            {
                                                "name": "albumReleaseDate",
                                                "type": "datepicker",
                                                "label": "Album Release Date",
                                                "validators": [
                                                    {
                                                        "required": false
                                                    }
                                                ],
                                                "columnWidth": 30
                                            }
                                        ],
                                        "options": [
                                            {
                                                "actions": false
                                            }
                                        ]
                                    }
                                ],
                                "collapseable": false
                            },
                            {
                                "name": "Contributors",
                                "order": 1,
                                "fields": [
                                    {
                                        "name": "publishers",
                                        "type": "multitext",
                                        "label": "Publisher(s)",
                                        "value": "",
                                        "validators": [
                                            {
                                                "required": true
                                            }
                                        ]
                                    },
                                    {
                                        "name": "composers",
                                        "type": "multitext",
                                        "label": "Composer(s)",
                                        "value": "",
                                        "validators": [
                                            {
                                                "required": true
                                            }
                                        ]
                                    },
                                    {
                                        "name": "directors",
                                        "type": "multitext",
                                        "label": "Video Director(s)",
                                        "value": "",
                                        "validators": [
                                            {
                                                "required": false
                                            }
                                        ]
                                    }
                                ],
                                "collapseable": false
                            },
                            {
                                "name": "Rights",
                                "order": 1,
                                "fields": [
                                    {
                                        "name": "rights_row",
                                        "type": "row",
                                        "fields": [
                                            {
                                                "name": "rights_dropdown_one_row",
                                                "type": "dropdown",
                                                "label": "Territories",
                                                "options": [
                                                    {
                                                        "fieldKey": "TerritoriesParams",
                                                        "defaultValue": "WW"
                                                    }
                                                ],
                                                "validators": [
                                                    {
                                                        "required": true
                                                    }
                                                ],
                                                "columnWidth": 40,
                                                "multiSelect": true
                                            },
                                            {
                                                "name": "rights_date",
                                                "type": "datepicker",
                                                "label": "Available on",
                                                "validators": [
                                                    {
                                                        "required": true
                                                    }
                                                ],
                                                "columnWidth": 30
                                            },
                                            {
                                                "name": "rights_dropdown_two_row",
                                                "type": "dropdown",
                                                "label": "Platform",
                                                "options": [
                                                    {
                                                        "fieldKey": "PlatformParams",
                                                        "defaultValue": "AM"
                                                    }
                                                ],
                                                "validators": [
                                                    {
                                                        "required": false
                                                    }
                                                ],
                                                "columnWidth": 30,
                                                "multiSelect": true
                                            }
                                        ]
                                    },
                                    {
                                        "name": "checkbox_label_row",
                                        "type": "row",
                                        "fields": [
                                            {
                                                "name": "explicit",
                                                "type": "checkBox",
                                                "label": "Explicit",
                                                "default": "unchecked",
                                                "validators": [
                                                    {
                                                        "required": false
                                                    }
                                                ],
                                                "columnWidth": 10
                                            },
                                            {
                                                "name": "compliance",
                                                "type": "checkBox",
                                                "label": "Allow Viacom compliance edit",
                                                "default": "unchecked",
                                                "validators": [
                                                    {
                                                        "required": false
                                                    }
                                                ],
                                                "columnWidth": 30
                                            }
                                        ],
                                        "options": [
                                            {
                                                "actions": false
                                            }
                                        ]
                                    }
                                ],
                                "collapseable": false
                            },
                            {
                                "name": "Notes",
                                "order": 1,
                                "fields": [
                                    {
                                        "name": "notes",
                                        "type": "textArea",
                                        "label": "Notes",
                                        "value": "",
                                        "validators": [
                                            {
                                                "required": false,
                                                "maxLength": "250",
                                                "minLength": "2"
                                            }
                                        ]
                                    }
                                ],
                                "collapseable": false
                            }
                        ],
                        "columnWidth": 60
                    },
                    {
                        "name": "column-two",
                        "groups": [
                            {
                                "name": "Details",
                                "order": 1,
                                "fields": [
                                    {
                                        "name": "isrc",
                                        "type": "textbox",
                                        "label": "ISRC",
                                        "value": "",
                                        "options": [
                                            {
                                                "searchable": true
                                            }
                                        ],
                                        "validators": [
                                            {
                                                "pattern": "^[a-zA-Z0-9-/\\\\]+$",
                                                "required": true
                                            }
                                        ]
                                    },
                                    {
                                        "name": "version",
                                        "type": "textbox",
                                        "label": "Version",
                                        "options": [
                                            {
                                                "infoMessage": "Eg. Remix, Live, Lyric, Extended etc"
                                            }
                                        ],
                                        "validators": [
                                            {
                                                "required": false,
                                                "maxLength": "25",
                                                "minLength": "2"
                                            }
                                        ]
                                    },
                                    {
                                        "name": "originalLanguage",
                                        "type": "dropdown",
                                        "label": "Language (Lyrics)",
                                        "options": [
                                            {
                                                "fieldKey": "LanguageParams",
                                                "defaultValue": null
                                            }
                                        ],
                                        "validators": [
                                            {
                                                "required": false
                                            }
                                        ],
                                        "multiSelect": false
                                    },
                                    {
                                        "name": "artistCountry",
                                        "type": "dropdown",
                                        "label": "Artist Country of Origin",
                                        "options": [
                                            {
                                                "fieldKey": "CountryParams",
                                                "defaultValue": null
                                            }
                                        ],
                                        "validators": [
                                            {
                                                "required": false
                                            }
                                        ],
                                        "multiSelect": false
                                    },
                                    {
                                        "name": "countryOfProduction",
                                        "type": "dropdown",
                                        "label": "Country of Production",
                                        "options": [
                                            {
                                                "fieldKey": "ProductionParams",
                                                "defaultValue": null
                                            }
                                        ],
                                        "validators": [
                                            {
                                                "required": false
                                            }
                                        ],
                                        "multiSelect": false
                                    }
                                ],
                                "collapseable": false
                            }
                        ],
                        "columnWidth": 40
                    }
                ]
            }
        ],
        "useTabs": false
    },
    "name": "music-video",
    "description": "Music Video"
}