[
    {
        "selector": "row",
        "type": "layout",
        "mode": [
            "create",
            "view",
            "edit"
        ],
        "content": [
            {
                "selector": "column",
                "type": "layout",
                "mode": [
                    "create",
                    "view",
                    "edit"
                ],
                "options": {
                    "width": "12"
                },
                "content": [
                    {
                        "selector": "group",
                        "type": "framework",
                        "mode": [
                            "create",
                            "view",
                            "edit"
                        ],
                        "options": {
                            "name": "Content Details",
                            "collapsed": false
                        },
                        "content": [
                            {
                                "selector": "row",
                                "type": "layout",
                                "mode": [
                                    "create",
                                    "view",
                                    "edit"
                                ],
                                "content": [
                                    {
                                        "selector": "column",
                                        "type": "layout",
                                        "mode": [
                                            "create",
                                            "view",
                                            "edit"
                                        ],
                                        "options": {
                                            "width": 2
                                        },
                                        "content": [
                                            {
                                                "selector": "systemOfOrigin",
                                                "type": "field",
                                                "mode": [
                                                    "create",
                                                    "view",
                                                    "edit"
                                                ]
                                            }
                                        ]
                                    },
                                    {
                                        "selector": "column",
                                        "type": "layout",
                                        "mode": [
                                            "create",
                                            "view",
                                            "edit"
                                        ],
                                        "options": {
                                            "width": 2
                                        },
                                        "content": [
                                            {
                                                "selector": "contentType",
                                                "type": "field",
                                                "mode": [
                                                    "create",
                                                    "view",
                                                    "edit"
                                                ]
                                            }
                                        ]
                                    },
                                    {
                                        "selector": "column",
                                        "type": "layout",
                                        "mode": [
                                            "create",
                                            "view",
                                            "edit"
                                        ],
                                        "options": {
                                            "width": 1
                                        },
                                        "content": [
                                            {
                                                "selector": "id",
                                                "type": "field",
                                                "mode": [
                                                    "create",
                                                    "view",
                                                    "edit"
                                                ]
                                            }
                                        ]
                                    },
                                    {
                                        "selector": "column",
                                        "type": "layout",
                                        "mode": [
                                            "create",
                                            "view",
                                            "edit"
                                        ],
                                        "options": {
                                            "width": 3
                                        },
                                        "content": [
                                            {
                                                "selector": "title",
                                                "type": "field",
                                                "mode": [
                                                    "create",
                                                    "view",
                                                    "edit"
                                                ]
                                            }
                                        ]
                                    },
                                    {
                                        "selector": "column",
                                        "type": "layout",
                                        "mode": [
                                            "create",
                                            "view",
                                            "edit"
                                        ],
                                        "options": {
                                            "width": 4
                                        },
                                        "content": [
                                            {
                                                "selector": "channel",
                                                "type": "field",
                                                "mode": [
                                                    "create",
                                                    "view",
                                                    "edit"
                                                ]
                                            }
                                        ]
                                    }
                                ]
                            },
                            {
                                "selector": "row",
                                "type": "layout",
                                "mode": [
                                    "create",
                                    "view",
                                    "edit"
                                ],
                                "content": [
                                    {
                                        "selector": "column",
                                        "type": "layout",
                                        "mode": [
                                            "create",
                                            "view",
                                            "edit"
                                        ],
                                        "options": {
                                            "width": 3
                                        },
                                        "content": [
                                            {
                                                "selector": "series",
                                                "type": "field",
                                                "mode": [
                                                    "create",
                                                    "view",
                                                    "edit"
                                                ]
                                            }
                                        ]
                                    },
                                    {
                                        "selector": "column",
                                        "type": "layout",
                                        "mode": [
                                            "create",
                                            "view",
                                            "edit"
                                        ],
                                        "options": {
                                            "width": 2
                                        },
                                        "content": [
                                            {
                                                "selector": "season",
                                                "type": "field",
                                                "mode": [
                                                    "create",
                                                    "view",
                                                    "edit"
                                                ]
                                            }
                                        ]
                                    },
                                    {
                                        "selector": "column",
                                        "type": "layout",
                                        "mode": [
                                            "create",
                                            "view",
                                            "edit"
                                        ],
                                        "options": {
                                            "width": 3
                                        },
                                        "content": [
                                            {
                                                "selector": "episode",
                                                "type": "field",
                                                "mode": [
                                                    "create",
                                                    "view",
                                                    "edit"
                                                ]
                                            }
                                        ]
                                    },
                                    {
                                        "selector": "column",
                                        "type": "layout",
                                        "mode": [
                                            "create",
                                            "view",
                                            "edit"
                                        ],
                                        "options": {
                                            "width": 4
                                        },
                                        "content": [
                                            {
                                                "selector": "version",
                                                "type": "field",
                                                "mode": [
                                                    "create",
                                                    "view",
                                                    "edit"
                                                ]
                                            }
                                        ]
                                    }
                                ]
                            }
                        ]
                    }
                ]
            }
        ]
    },
    {
        "selector": "row",
        "type": "layout",
        "mode": [
            "create",
            "view",
            "edit"
        ],
        "content": [
            {
                "selector": "column",
                "type": "layout",
                "mode": [
                    "create",
                    "view",
                    "edit"
                ],
                "options": {
                    "width": "12"
                },
                "content": [
                    {
                        "selector": "group",
                        "type": "framework",
                        "mode": [
                            "create",
                            "view",
                            "edit"
                        ],
                        "options": {
                            "name": "Content Details",
                            "collapsed": false
                        },
                        "content": [
                            {
                                "selector": "row",
                                "type": "layout",
                                "mode": [
                                    "create",
                                    "view",
                                    "edit"
                                ],
                                "content": [
                                    {
                                        "selector": "column",
                                        "type": "layout",
                                        "mode": [
                                            "create",
                                            "view",
                                            "edit"
                                        ],
                                        "options": {
                                            "width": 1
                                        },
                                        "content": [
                                            {
                                                "selector": "seq",
                                                "type": "field",
                                                "mode": [
                                                    "create",
                                                    "view",
                                                    "edit"
                                                ]
                                            }
                                        ]
                                    },
                                    {
                                        "selector": "column",
                                        "type": "layout",
                                        "mode": [
                                            "create",
                                            "view",
                                            "edit"
                                        ],
                                        "options": {
                                            "width": 1
                                        },
                                        "content": [
                                            {
                                                "selector": "parent",
                                                "type": "field",
                                                "mode": [
                                                    "create",
                                                    "view",
                                                    "edit"
                                                ]
                                            }
                                        ]
                                    },
                                    {
                                        "selector": "column",
                                        "type": "layout",
                                        "mode": [
                                            "create",
                                            "view",
                                            "edit"
                                        ],
                                        "options": {
                                            "width": 2
                                        },
                                        "content": [
                                            {
                                                "selector": "rendition",
                                                "type": "field",
                                                "mode": [
                                                    "create",
                                                    "view",
                                                    "edit"
                                                ]
                                            }
                                        ]
                                    },
                                    {
                                        "selector": "column",
                                        "type": "layout",
                                        "mode": [
                                            "create",
                                            "view",
                                            "edit"
                                        ],
                                        "options": {
                                            "width": 2
                                        },
                                        "content": [
                                            {
                                                "selector": "format",
                                                "type": "field",
                                                "mode": [
                                                    "create",
                                                    "view",
                                                    "edit"
                                                ]
                                            }
                                        ]
                                    },
                                    {
                                        "selector": "column",
                                        "type": "layout",
                                        "mode": [
                                            "create",
                                            "view",
                                            "edit"
                                        ],
                                        "options": {
                                            "width": 2
                                        },
                                        "content": [
                                            {
                                                "selector": "workflow",
                                                "type": "field",
                                                "mode": [
                                                    "create",
                                                    "view",
                                                    "edit"
                                                ]
                                            }
                                        ]
                                    },
                                    {
                                        "selector": "column",
                                        "type": "layout",
                                        "mode": [
                                            "create",
                                            "view",
                                            "edit"
                                        ],
                                        "options": {
                                            "width": 2
                                        },
                                        "content": [
                                            {
                                                "selector": "archivalRule",
                                                "type": "field",
                                                "mode": [
                                                    "create",
                                                    "view",
                                                    "edit"
                                                ]
                                            }
                                        ]
                                    },
                                    {
                                        "selector": "column",
                                        "type": "layout",
                                        "mode": [
                                            "create",
                                            "view",
                                            "edit"
                                        ],
                                        "options": {
                                            "width": 2
                                        },
                                        "content": [
                                            {
                                                "selector": "fileFolder",
                                                "type": "field",
                                                "mode": [
                                                    "create",
                                                    "view",
                                                    "edit"
                                                ]
                                            }
                                        ]
                                    }
                                ]
                            }
                        ]
                    }
                ]
            }
        ]
    },
    {
        "selector": "row",
        "type": "layout",
        "mode": [
            "create",
            "view",
            "edit"
        ],
        "content": [
            {
                "selector": "column",
                "type": "layout",
                "mode": [
                    "create",
                    "view",
                    "edit"
                ],
                "options": {
                    "width": 6
                },
                "content": [
                    {
                        "selector": "group",
                        "type": "framework",
                        "mode": [
                            "create",
                            "view",
                            "edit"
                        ],
                        "options": {
                            "name": "Work Order Details"
                        },
                        "content": [
                            {
                                "selector": "row",
                                "type": "layout",
                                "mode": [
                                    "create",
                                    "view",
                                    "edit"
                                ],
                                "content": [
                                    {
                                        "selector": "column",
                                        "type": "layout",
                                        "mode": [
                                            "create",
                                            "view",
                                            "edit"
                                        ],
                                        "options": {
                                            "width": "12"
                                        },
                                        "content": [
                                            {
                                                "selector": "priority",
                                                "type": "field",
                                                "mode": [
                                                    "create",
                                                    "view",
                                                    "edit"
                                                ]
                                            }
                                        ]
                                    }
                                ]
                            },
                            {
                                "selector": "row",
                                "type": "layout",
                                "mode": [
                                    "create",
                                    "view",
                                    "edit"
                                ],
                                "content": [
                                    {
                                        "selector": "column",
                                        "type": "layout",
                                        "mode": [
                                            "create",
                                            "view",
                                            "edit"
                                        ],
                                        "options": {
                                            "width": "4"
                                        },
                                        "content": [
                                            {
                                                "selector": "overwrite",
                                                "type": "field",
                                                "mode": [
                                                    "create",
                                                    "view",
                                                    "edit"
                                                ]
                                            }
                                        ]
                                    },
                                    {
                                        "selector": "column",
                                        "type": "layout",
                                        "mode": [
                                            "create",
                                            "view",
                                            "edit"
                                        ],
                                        "options": {
                                            "width": "4"
                                        },
                                        "content": [
                                            {
                                                "selector": "deleteOriginalAfterIngest",
                                                "type": "field",
                                                "mode": [
                                                    "create",
                                                    "view",
                                                    "edit"
                                                ]
                                            }
                                        ]
                                    }
                                ]
                            }
                        ]
                    },
                    {
                        "selector": "group",
                        "type": "framework",
                        "mode": [
                            "create",
                            "view",
                            "edit"
                        ],
                        "options": {
                            "name": "Keyword"
                        },
                        "content": [
                            {
                                "selector": "row",
                                "type": "layout",
                                "mode": [
                                    "create",
                                    "view",
                                    "edit"
                                ],
                                "content": [
                                    {
                                        "selector": "column",
                                        "type": "layout",
                                        "mode": [
                                            "create",
                                            "view",
                                            "edit"
                                        ],
                                        "options": {
                                            "width": "12"
                                        },
                                        "content": [
                                            {
                                                "selector": "keywords",
                                                "type": "field",
                                                "mode": [
                                                    "create",
                                                    "view",
                                                    "edit"
                                                ]
                                            }
                                        ]
                                    }
                                ]
                            }
                        ]
                    }
                ]
            },
            {
                "selector": "column",
                "type": "layout",
                "mode": [
                    "create",
                    "view",
                    "edit"
                ],
                "options": {
                    "width": 6
                },
                "content": [
                    {
                        "selector": "group",
                        "type": "framework",
                        "mode": [
                            "create",
                            "view",
                            "edit"
                        ],
                        "options": {
                            "name": "Content Technical Attributes"
                        },
                        "content": [
                            {
                                "selector": "row",
                                "type": "layout",
                                "mode": [
                                    "create",
                                    "view",
                                    "edit"
                                ],
                                "content": [
                                    {
                                        "selector": "column",
                                        "type": "layout",
                                        "mode": [
                                            "create",
                                            "view",
                                            "edit"
                                        ],
                                        "options": {
                                            "width": "12"
                                        },
                                        "content": [
                                            {
                                                "selector": "template",
                                                "type": "field",
                                                "mode": [
                                                    "create",
                                                    "view",
                                                    "edit"
                                                ]
                                            }
                                        ]
                                    }
                                ]
                            }
                        ]
                    }
                ]
            },
            {
                "selector": "column",
                "type": "layout",
                "mode": [
                    "create",
                    "view",
                    "edit"
                ],
                "options": {
                    "width": 6
                },
                "content": [
                    {
                        "selector": "group",
                        "type": "framework",
                        "mode": [
                            "create",
                            "view",
                            "edit"
                        ],
                        "options": {
                            "name": "Contributors"
                        },
                        "content": [
                            {
                                "selector": "row",
                                "type": "layout",
                                "mode": [
                                    "create",
                                    "view",
                                    "edit"
                                ],
                                "content": [
                                    {
                                        "selector": "column",
                                        "type": "layout",
                                        "mode": [
                                            "create",
                                            "view",
                                            "edit"
                                        ],
                                        "options": {
                                            "width": "12"
                                        },
                                        "content": [
                                            {
                                                "selector": "template",
                                                "type": "field",
                                                "mode": [
                                                    "create",
                                                    "view",
                                                    "edit"
                                                ]
                                            }
                                        ]
                                    }
                                ]
                            }
                        ]
                    }
                ]
            }
        ]
    }
]