[
    {
        "id": 4,
        "fieldSchema": {
            "name": "recordCompany",
            "type": "dropdown",
            "label": "Record Company",
            "options": [
                {
                    "fieldKey": "recordCompany",
                    "defaultValue": null
                }
            ],
            "validators": [
                {
                    "required": true
                }
            ],
            "multiSelect": false
        },
        "fieldKey": "recordCompany",
        "createdBy": "admin",
        "createdDate": "2018-09-10T07:30:47.360Z",
        "modifiedBy": "admin",
        "modifiedDate": "2018-09-10T07:30:47.360Z"
    },
    {
        "id": 6,
        "fieldSchema": {
            "name": "yearOfProduction",
            "type": "dropdown",
            "label": "Year of Production",
            "options": [
                {
                    "fieldKey": "yearOfProduction",
                    "defaultValue": null
                }
            ],
            "validators": [
                {
                    "required": true
                }
            ],
            "multiSelect": false
        },
        "fieldKey": "yearOfProduction",
        "createdBy": "admin",
        "createdDate": "2018-09-10T07:30:47.360Z",
        "modifiedBy": "admin",
        "modifiedDate": "2018-09-10T07:30:47.360Z"
    },
    {
        "id": 7,
        "fieldSchema": {
            "name": "albumReleaseDate",
            "type": "datepicker",
            "label": "Album Release Date",
            "validators": [
                {
                    "required": false
                }
            ]
        },
        "fieldKey": "albumReleaseDate",
        "createdBy": "admin",
        "createdDate": "2018-09-10T07:30:47.360Z",
        "modifiedBy": "admin",
        "modifiedDate": "2018-09-10T07:30:47.360Z"
    },
    {
        "id": 9,
        "fieldSchema": {
            "name": "composers",
            "type": "multitext",
            "label": "Composer(s)",
            "value": "",
            "validators": [
                {
                    "required": true
                }
            ]
        },
        "fieldKey": "composers",
        "createdBy": "admin",
        "createdDate": "2018-09-10T07:30:47.360Z",
        "modifiedBy": "admin",
        "modifiedDate": "2018-09-10T07:30:47.360Z"
    },
    {
        "id": 10,
        "fieldSchema": {
            "name": "directors",
            "type": "multitext",
            "label": "Video Director(s)",
            "value": "",
            "validators": [
                {
                    "required": false
                }
            ]
        },
        "fieldKey": "directors",
        "createdBy": "admin",
        "createdDate": "2018-09-10T07:30:47.360Z",
        "modifiedBy": "admin",
        "modifiedDate": "2018-09-10T07:30:47.360Z"
    },
    {
        "id": 12,
        "fieldSchema": {
            "name": "explicit",
            "type": "checkBox",
            "label": "Explicit",
            "default": "unchecked",
            "validators": [
                {
                    "required": false
                }
            ],
            "columnWidth": 10
        },
        "fieldKey": "explicit",
        "createdBy": "admin",
        "createdDate": "2018-09-10T07:30:47.360Z",
        "modifiedBy": "admin",
        "modifiedDate": "2018-09-10T07:30:47.360Z"
    },
    {
        "id": 13,
        "fieldSchema": {
            "name": "compliance",
            "type": "checkBox",
            "label": "Allow Viacom compliance edit",
            "default": "unchecked",
            "validators": [
                {
                    "required": false
                }
            ],
            "columnWidth": 30
        },
        "fieldKey": "compliance",
        "createdBy": "admin",
        "createdDate": "2018-09-10T07:30:47.360Z",
        "modifiedBy": "admin",
        "modifiedDate": "2018-09-10T07:30:47.360Z"
    },
    {
        "id": 15,
        "fieldSchema": {
            "name": "isrc",
            "type": "textbox",
            "label": "ISRC",
            "value": "",
            "options": [
                {
                    "searchable": true
                }
            ],
            "validators": [
                {
                    "pattern": "^[a-zA-Z0-9-/\\\\]+$",
                    "required": true
                }
            ]
        },
        "fieldKey": "isrc",
        "createdBy": "admin",
        "createdDate": "2018-09-10T07:30:47.360Z",
        "modifiedBy": "admin",
        "modifiedDate": "2018-09-10T07:30:47.360Z"
    },
    {
        "id": 17,
        "fieldSchema": {
            "name": "originalLanguage",
            "type": "dropdown",
            "label": "Language (Lyrics)",
            "options": [
                {
                    "fieldKey": "originalLanguage",
                    "defaultValue": null
                }
            ],
            "validators": [
                {
                    "required": false
                }
            ],
            "multiSelect": false
        },
        "fieldKey": "originalLanguage",
        "createdBy": "admin",
        "createdDate": "2018-09-10T07:30:47.360Z",
        "modifiedBy": "admin",
        "modifiedDate": "2018-09-10T07:30:47.360Z"
    },
    {
        "id": 18,
        "fieldSchema": {
            "name": "artistCountry",
            "type": "dropdown",
            "label": "Artist Country of Origin",
            "options": [
                {
                    "fieldKey": "artistCountry",
                    "defaultValue": null
                }
            ],
            "validators": [
                {
                    "required": false
                }
            ],
            "multiSelect": false
        },
        "fieldKey": "artistCountry",
        "createdBy": "admin",
        "createdDate": "2018-09-10T07:30:47.360Z",
        "modifiedBy": "admin",
        "modifiedDate": "2018-09-10T07:30:47.360Z"
    },
    {
        "id": 19,
        "fieldSchema": {
            "name": "countryOfProduction",
            "type": "dropdown",
            "label": "Country of Production",
            "options": [
                {
                    "fieldKey": "countryOfProduction",
                    "defaultValue": null
                }
            ],
            "validators": [
                {
                    "required": false
                }
            ],
            "multiSelect": false
        },
        "fieldKey": "countryOfProduction",
        "createdBy": "admin",
        "createdDate": "2018-09-10T07:30:47.360Z",
        "modifiedBy": "admin",
        "modifiedDate": "2018-09-10T07:30:47.360Z"
    },
    {
        "id": 8,
        "fieldSchema": {
            "name": "publishers",
            "type": "multitext",
            "label": "Publisher(s)",
            "value": "",
            "options": [
                {
                    "fieldKey": "publishers",
                    "autoComplete": true,
                    "defaultValue": "none"
                }
            ],
            "validators": [
                {
                    "required": true
                }
            ]
        },
        "fieldKey": "publishers",
        "createdBy": "admin",
        "createdDate": "2018-09-10T07:30:47.360Z",
        "modifiedBy": "admin",
        "modifiedDate": "2018-09-10T07:30:47.360Z"
    },
    {
        "id": 1,
        "fieldSchema": {
            "name": "trackTitle",
            "type": "textbox",
            "label": "Track Title",
            "order": 1,
            "options": [
                {
                    "searchable": true
                }
            ],
            "validators": [
                {
                    "pattern": "^([ \tA-Za-z0-9.:;*@$#?&!\\\\|\\'\"\\()\\{}\\[\\]+-])+$",
                    "required": true,
                    "minLength": 2
                }
            ],
            "description": "Description of the field"
        },
        "fieldKey": "trackTitle",
        "createdBy": "admin",
        "createdDate": "2018-09-10T07:30:47.360Z",
        "modifiedBy": "admin",
        "modifiedDate": "2018-09-10T07:30:47.360Z"
    },
    {
        "id": 3,
        "fieldSchema": {
            "name": "albumTitle",
            "type": "textbox",
            "label": "Album Title",
            "validators": [
                {
                    "pattern": "^([ \tA-Za-z0-9.:;*@$#?&!\\\\|\\'\"\\()\\{}\\[\\]+-])+$",
                    "required": false,
                    "minLength": 2
                }
            ]
        },
        "fieldKey": "albumTitle",
        "createdBy": "admin",
        "createdDate": "2018-09-10T07:30:47.360Z",
        "modifiedBy": "admin",
        "modifiedDate": "2018-09-10T07:30:47.360Z"
    },
    {
        "id": 5,
        "fieldSchema": {
            "name": "recordLabel",
            "type": "textbox",
            "label": "Record Label",
            "value": "",
            "options": [
                {
                    "autocomplete": true,
                    "fieldKey": "recordLabel",
                    "defaultValue": "null",
                    "infoMessage": "If same as Record Co. please enter again."
                }
            ],
            "validators": [
                {
                    "pattern": "^([ \tA-Za-z0-9.:;*@$#?&!\\\\|\\'\"\\()\\{}\\[\\]+-])+$",
                    "required": true,
                    "minLength": 2
                }
            ],
            "dependency": {
                "field": "recordCompany",
                "action": "dataset"
            }
        },
        "fieldKey": "recordLabel",
        "createdBy": "admin",
        "createdDate": "2018-09-10T07:30:47.360Z",
        "modifiedBy": "admin",
        "modifiedDate": "2018-09-10T07:30:47.360Z"
    },
    {
        "id": 14,
        "fieldSchema": {
            "name": "notes",
            "type": "textArea",
            "label": "Notes",
            "value": "",
            "validators": [
                {
                    "pattern": "^([ \tA-Za-z0-9.:;*@$#?&!\\\\|\\'\"\\()\\{}\\[\\]+-])+$",
                    "required": false,
                    "maxLength": 250,
                    "minLength": 2
                }
            ]
        },
        "fieldKey": "notes",
        "createdBy": "admin",
        "createdDate": "2018-09-10T07:30:47.360Z",
        "modifiedBy": "admin",
        "modifiedDate": "2018-09-10T07:30:47.360Z"
    },
    {
        "id": 16,
        "fieldSchema": {
            "name": "version",
            "type": "textbox",
            "label": "Version",
            "options": [
                {
                    "infoMessage": "Eg. Remix, Live, Lyric, Extended etc"
                }
            ],
            "validators": [
                {
                    "pattern": "^([ \tA-Za-z0-9.:;*@$#?&!\\\\|\\'\"\\()\\{}\\[\\]+-])+$",
                    "required": false,
                    "minLength": 2
                }
            ]
        },
        "fieldKey": "version",
        "createdBy": "admin",
        "createdDate": "2018-09-10T07:30:47.360Z",
        "modifiedBy": "admin",
        "modifiedDate": "2018-09-10T07:30:47.360Z"
    },
    {
        "id": 11,
        "fieldSchema": {
            "name": "rights",
            "type": "row",
            "fields": [
                {
                    "name": "territories",
                    "type": "dropdown",
                    "label": "Territories",
                    "options": [
                        {
                            "fieldKey": "territories",
                            "chipSelect": true,
                            "defaultValue": "Worldwide"
                        }
                    ],
                    "validators": [
                        {
                            "required": true
                        }
                    ],
                    "columnWidth": 50,
                    "multiSelect": true
                },
                {
                    "name": "availableOn",
                    "type": "datepicker",
                    "label": "Available on",
                    "validators": [
                        {
                            "required": true
                        }
                    ],
                    "columnWidth": 20
                },
                {
                    "name": "platform",
                    "type": "dropdown",
                    "label": "Platform",
                    "options": [
                        {
                            "fieldKey": "platform",
                            "defaultValue": "All Media"
                        }
                    ],
                    "validators": [
                        {
                            "required": false
                        }
                    ],
                    "columnWidth": 30,
                    "multiSelect": true
                }
            ]
        },
        "fieldKey": "rights",
        "createdBy": "admin",
        "createdDate": "2018-09-10T07:30:47.360Z",
        "modifiedBy": "admin",
        "modifiedDate": "2018-09-10T07:30:47.360Z"
    },
    {
        "id": 2,
        "fieldSchema": {
            "name": "artists",
            "type": "row",
            "fields": [
                {
                    "name": "type",
                    "type": "dropdown",
                    "options": [
                        {
                            "fieldKey": "artists",
                            "defaultValue": "None"
                        },
                        {
                            "hideAtRow": 0
                        }
                    ],
                    "validators": [
                        {
                            "required": false
                        }
                    ],
                    "columnWidth": 30,
                    "multiSelect": false
                },
                {
                    "name": "name",
                    "type": "textbox",
                    "label": "Artist Name",
                    "validators": [
                        {
                            "pattern": "^([ \tA-Za-z0-9.:;*@$#?&!\\\\|\\'\"\\()\\{}\\[\\]+-])+$",
                            "required": true,
                            "minLength": 2
                        }
                    ],
                    "columnWidth": 70,
                    "description": "Description of the field"
                }
            ],
            "options": [
                {
                    "hideRemoveAction": {
                        "atRowIndex": 0
                    }
                },
                {
                    "dynamicValidators": [
                        {
                            "fieldName": "name",
                            "validators": [
                                {
                                    "pattern": "^([ \tA-Za-z0-9.:;*@$#?&!\\\\|\\'\"\\()\\{}\\[\\]+-])+$",
                                    "required": false,
                                    "minLength": 2
                                }
                            ],
                            "afterRowIndex": 0
                        }
                    ]
                }
            ]
        },
        "fieldKey": "artists",
        "createdBy": "admin",
        "createdDate": "2018-09-10T07:30:47.360Z",
        "modifiedBy": "admin",
        "modifiedDate": "2018-09-10T07:30:47.360Z"
    },
    {
        "id": 20,
        "fieldSchema": {
            "name": "comments",
            "type": "textArea",
            "label": "Notes",
            "validators": [
                {
                    "required": false
                }
            ]
        },
        "fieldKey": "comments",
        "createdBy": "admin",
        "createdDate": "2018-09-26T09:33:46.744Z",
        "modifiedBy": "admin",
        "modifiedDate": "2018-09-26T09:33:46.744Z"
    },
    {
        "id": 21,
        "fieldSchema": {
            "name": "submittedDate",
            "type": "textbox",
            "label": "Submitted On",
            "options": [
                {
                    "readonly": true
                }
            ],
            "validators": [
                {
                    "required": false
                }
            ]
        },
        "fieldKey": "submittedDate",
        "createdBy": "admin",
        "createdDate": "2018-09-26T09:33:46.744Z",
        "modifiedBy": "admin",
        "modifiedDate": "2018-09-26T09:33:46.744Z"
    },
    {
        "id": 22,
        "fieldSchema": {
            "name": "submittedBy",
            "type": "textbox",
            "label": "SubmittedBy",
            "options": [
                {
                    "readonly": true
                }
            ],
            "validators": [
                {
                    "required": false
                }
            ]
        },
        "fieldKey": "submittedBy",
        "createdBy": "admin",
        "createdDate": "2018-09-26T09:33:46.744Z",
        "modifiedBy": "admin",
        "modifiedDate": "2018-09-26T09:33:46.744Z"
    },
    {
        "id": 23,
        "fieldSchema": {
            "name": "submissionStatus",
            "type": "submission-status",
            "label": "Submission Status",
            "validators": [
                {
                    "required": false
                }
            ]
        },
        "fieldKey": "submissionStatus",
        "createdBy": "admin",
        "createdDate": "2018-09-26T09:33:46.744Z",
        "modifiedBy": "admin",
        "modifiedDate": "2018-09-26T09:33:46.744Z"
    },
    {
        "id": 24,
        "fieldSchema": {
            "name": "previewUrl",
            "type": "video",
            "label": "Video",
            "validators": [
                {
                    "required": false
                }
            ]
        },
        "fieldKey": "previewUrl",
        "createdBy": "admin",
        "createdDate": "2018-09-26T09:33:46.744Z",
        "modifiedBy": "admin",
        "modifiedDate": "2018-09-26T09:33:46.744Z"
    },
    {
        "id": 25,
        "fieldSchema": {
            "name": "radiobutton",
            "type": "radio",
            "label": "Test",
            "validators": [
                {
                    "required": false
                }
            ],
            "options": [
                {
                    "values": [
                        "Yes",
                        "No"
                    ]
                }
            ]
        },
        "fieldKey": "radiobutton",
        "createdBy": "admin",
        "createdDate": "2018-09-26T09:33:46.744Z",
        "modifiedBy": "admin",
        "modifiedDate": "2018-09-26T09:33:46.744Z"
    }
]
