{
    "trackTitle": "Track Title",
    "artists": [
        {
            "name": "Artist1",
            "type": null
        },
        {
            "name": "Artist2",
            "type": "and"
        },
        {
            "name": "Artist3",
            "type": "featuring"
        }
    ],
    "albumTitle": "Album Title",
    "recordCompany": "SO",
    "recordLabel": "Sony",
    "albumReleaseDate": "2018-08-22T18:30:00.000Z",
    "yearOfProduction": "2018",
    "publishers": [
        "Sony",
        "Warner",
        "Viacom"
    ],
    "composers": [
        "Viacom",
        "Sony"
    ],
    "directors": [
        "Viacom Pictures"
    ],
    "rights": [
        {
            "availableOn": "2018-08-21T18:30:00.000Z",
            "territories": [
                "NT",
                "GB"
            ],
            "platform": [
                "AM",
                "AM"
            ]
        },
        {
            "availableOn": "2018-08-21T18:30:00.000Z",
            "territories": [
                "WW",
                "WW"
            ],
            "platform": [
                "AM",
                "AM"
            ]
        }
    ],
    "explicit": null,
    "compliance": null,
    "notes": "",
    "isrc": "1234-1234-1236",
    "version": "2.0",
    "originalLanguage": "ta",
    "artistCountry": "CN",
    "countryOfProduction": "CN"
}
