{
    "tabs": [
        {
            "name": "tab-one",
            "columns": [
                {
                    "name": "column-one",
                    "groups": [
                        {
                            "name": "Track Title & Artists",
                            "order": 1,
                            "fields": [
                                "trackTitle",
                                "artists_row"
                            ],
                            "collapsible": false
                        },
                        {
                            "name": "Album & Records",
                            "order": 1,
                            "fields": [
                                "albumTitle",
                                "parentLabel",
                                "record_label_row"
                            ],
                            "collapsible": false
                        },
                        {
                            "name": "Contributors",
                            "order": 1,
                            "fields": [
                                "publishers",
                                "composers",
                                "directors"
                            ],
                            "collapsible": false
                        },
                        {
                            "name": "Rights",
                            "order": 1,
                            "fields": [
                                "rights_row",
                                "checkbox_label_row"
                            ],
                            "collapsible": false
                        },
                        {
                            "name": "Notes",
                            "order": 1,
                            "fields": [
                                "notes"
                            ],
                            "collapsible": false
                        }
                    ],
                    "columnWidth": 60
                },
                {
                    "name": "column-two",
                    "groups": [
                        {
                            "name": "Details",
                            "order": 1,
                            "fields": [
                                "isrc",
                                "version",
                                "originalLanguage",
                                "artistCountry",
                                "countryOfProduction"
                            ],
                            "collapsible": false
                        }
                    ],
                    "columnWidth": 40
                }
            ]
        }
    ],
    "useTabs": false
}
