{
    "id": 2,
    "layoutSchema": [
        {
            "mode": [
                "view",
                "edit",
                "create"
            ],
            "type": "layout",
            "content": [
                {
                    "mode": [
                        "view",
                        "edit",
                        "create"
                    ],
                    "type": "layout",
                    "content": [
                        {
                            "mode": [
                                "view",
                                "edit",
                                "create"
                            ],
                            "type": "framework",
                            "content": [
                                {
                                    "mode": [
                                        "view",
                                        "edit",
                                        "create"
                                    ],
                                    "type": "layout",
                                    "content": [
                                        {
                                            "mode": [
                                                "view",
                                                "edit",
                                                "create"
                                            ],
                                            "type": "layout",
                                            "content": [
                                                {
                                                    "mode": [
                                                        "view",
                                                        "edit",
                                                        "create"
                                                    ],
                                                    "type": "field",
                                                    "options": {},
                                                    "selector": "trackTitle"
                                                }
                                            ],
                                            "options": {
                                                "width": 12
                                            },
                                            "selector": "column"
                                        }
                                    ],
                                    "options": {},
                                    "selector": "row"
                                },
                                {
                                    "mode": [
                                        "view",
                                        "edit",
                                        "create"
                                    ],
                                    "type": "layout",
                                    "content": [
                                        {
                                            "mode": [
                                                "view",
                                                "edit",
                                                "create"
                                            ],
                                            "type": "layout",
                                            "content": [
                                                {
                                                    "mode": [
                                                        "view",
                                                        "edit",
                                                        "create"
                                                    ],
                                                    "type": "field",
                                                    "options": {},
                                                    "selector": "artists"
                                                }
                                            ],
                                            "options": {
                                                "width": 12
                                            },
                                            "selector": "column"
                                        }
                                    ],
                                    "options": {},
                                    "selector": "row"
                                }
                            ],
                            "options": {
                                "name": "Track Title & Artists",
                                "collapsed": false
                            },
                            "selector": "group"
                        },
                        {
                            "mode": [
                                "view",
                                "edit",
                                "create"
                            ],
                            "type": "framework",
                            "content": [
                                {
                                    "mode": [
                                        "view",
                                        "edit",
                                        "create"
                                    ],
                                    "type": "layout",
                                    "content": [
                                        {
                                            "mode": [
                                                "view",
                                                "edit",
                                                "create"
                                            ],
                                            "type": "layout",
                                            "content": [
                                                {
                                                    "mode": [
                                                        "view",
                                                        "edit",
                                                        "create"
                                                    ],
                                                    "type": "field",
                                                    "options": {},
                                                    "selector": "albumTitle"
                                                }
                                            ],
                                            "options": {
                                                "width": 12
                                            },
                                            "selector": "column"
                                        }
                                    ],
                                    "options": {},
                                    "selector": "row"
                                },
                                {
                                    "mode": [
                                        "view",
                                        "edit",
                                        "create"
                                    ],
                                    "type": "layout",
                                    "content": [
                                        {
                                            "mode": [
                                                "view",
                                                "edit",
                                                "create"
                                            ],
                                            "type": "layout",
                                            "content": [
                                                {
                                                    "mode": [
                                                        "view",
                                                        "edit",
                                                        "create"
                                                    ],
                                                    "type": "field",
                                                    "options": {},
                                                    "selector": "recordCompany"
                                                }
                                            ],
                                            "options": {
                                                "width": 12
                                            },
                                            "selector": "column"
                                        }
                                    ],
                                    "options": {},
                                    "selector": "row"
                                },
                                {
                                    "mode": [
                                        "view",
                                        "edit",
                                        "create"
                                    ],
                                    "type": "layout",
                                    "content": [
                                        {
                                            "mode": [
                                                "view",
                                                "edit",
                                                "create"
                                            ],
                                            "type": "layout",
                                            "content": [
                                                {
                                                    "mode": [
                                                        "view",
                                                        "edit",
                                                        "create"
                                                    ],
                                                    "type": "field",
                                                    "options": {},
                                                    "selector": "recordLabel"
                                                }
                                            ],
                                            "options": {
                                                "width": 4
                                            },
                                            "selector": "column"
                                        },
                                        {
                                            "mode": [
                                                "view",
                                                "edit",
                                                "create"
                                            ],
                                            "type": "layout",
                                            "content": [
                                                {
                                                    "mode": [
                                                        "view",
                                                        "edit",
                                                        "create"
                                                    ],
                                                    "type": "field",
                                                    "options": {},
                                                    "selector": "yearOfProduction"
                                                }
                                            ],
                                            "options": {
                                                "width": 4
                                            },
                                            "selector": "column"
                                        },
                                        {
                                            "mode": [
                                                "view",
                                                "edit",
                                                "create"
                                            ],
                                            "type": "layout",
                                            "content": [
                                                {
                                                    "mode": [
                                                        "view",
                                                        "edit",
                                                        "create"
                                                    ],
                                                    "type": "field",
                                                    "options": {},
                                                    "selector": "albumReleaseDate"
                                                }
                                            ],
                                            "options": {
                                                "width": 4
                                            },
                                            "selector": "column"
                                        }
                                    ],
                                    "options": {},
                                    "selector": "row"
                                }
                            ],
                            "options": {
                                "name": "Album & Records",
                                "collapsed": false
                            },
                            "selector": "group"
                        },
                        {
                            "mode": [
                                "view",
                                "edit",
                                "create"
                            ],
                            "type": "framework",
                            "content": [
                                {
                                    "mode": [
                                        "view",
                                        "edit",
                                        "create"
                                    ],
                                    "type": "layout",
                                    "content": [
                                        {
                                            "mode": [
                                                "view",
                                                "edit",
                                                "create"
                                            ],
                                            "type": "layout",
                                            "content": [
                                                {
                                                    "mode": [
                                                        "view",
                                                        "edit",
                                                        "create"
                                                    ],
                                                    "type": "field",
                                                    "options": {},
                                                    "selector": "publishers"
                                                }
                                            ],
                                            "options": {
                                                "width": 12
                                            },
                                            "selector": "column"
                                        }
                                    ],
                                    "options": {},
                                    "selector": "row"
                                },
                                {
                                    "mode": [
                                        "view",
                                        "edit",
                                        "create"
                                    ],
                                    "type": "layout",
                                    "content": [
                                        {
                                            "mode": [
                                                "view",
                                                "edit",
                                                "create"
                                            ],
                                            "type": "layout",
                                            "content": [
                                                {
                                                    "mode": [
                                                        "view",
                                                        "edit",
                                                        "create"
                                                    ],
                                                    "type": "field",
                                                    "options": {},
                                                    "selector": "composers"
                                                }
                                            ],
                                            "options": {
                                                "width": 12
                                            },
                                            "selector": "column"
                                        }
                                    ],
                                    "options": {},
                                    "selector": "row"
                                },
                                {
                                    "mode": [
                                        "view",
                                        "edit",
                                        "create"
                                    ],
                                    "type": "layout",
                                    "content": [
                                        {
                                            "mode": [
                                                "view",
                                                "edit",
                                                "create"
                                            ],
                                            "type": "layout",
                                            "content": [
                                                {
                                                    "mode": [
                                                        "view",
                                                        "edit",
                                                        "create"
                                                    ],
                                                    "type": "field",
                                                    "options": {},
                                                    "selector": "directors"
                                                }
                                            ],
                                            "options": {
                                                "width": 12
                                            },
                                            "selector": "column"
                                        }
                                    ],
                                    "options": {},
                                    "selector": "row"
                                }
                            ],
                            "options": {
                                "name": "Contributors",
                                "collapsed": false
                            },
                            "selector": "group"
                        },
                        {
                            "mode": [
                                "view",
                                "edit",
                                "create"
                            ],
                            "type": "framework",
                            "content": [
                                {
                                    "mode": [
                                        "view",
                                        "edit",
                                        "create"
                                    ],
                                    "type": "layout",
                                    "content": [
                                        {
                                            "mode": [
                                                "view",
                                                "edit",
                                                "create"
                                            ],
                                            "type": "layout",
                                            "content": [
                                                {
                                                    "mode": [
                                                        "view",
                                                        "edit",
                                                        "create"
                                                    ],
                                                    "type": "field",
                                                    "options": {},
                                                    "selector": "rights"
                                                }
                                            ],
                                            "options": {
                                                "width": 12
                                            },
                                            "selector": "column"
                                        }
                                    ],
                                    "options": {},
                                    "selector": "row"
                                },
                                {
                                    "mode": [
                                        "view",
                                        "edit",
                                        "create"
                                    ],
                                    "type": "layout",
                                    "content": [
                                        {
                                            "mode": [
                                                "view",
                                                "edit",
                                                "create"
                                            ],
                                            "type": "layout",
                                            "content": [
                                                {
                                                    "mode": [
                                                        "view",
                                                        "edit",
                                                        "create"
                                                    ],
                                                    "type": "field",
                                                    "options": {},
                                                    "selector": "explicit"
                                                }
                                            ],
                                            "options": {
                                                "width": 4
                                            },
                                            "selector": "column"
                                        },
                                        {
                                            "mode": [
                                                "view",
                                                "edit",
                                                "create"
                                            ],
                                            "type": "layout",
                                            "content": [
                                                {
                                                    "mode": [
                                                        "view",
                                                        "edit",
                                                        "create"
                                                    ],
                                                    "type": "field",
                                                    "options": {},
                                                    "selector": "compliance"
                                                }
                                            ],
                                            "options": {
                                                "width": 4
                                            },
                                            "selector": "column"
                                        },
                                        {
                                            "mode": [
                                                "view",
                                                "edit",
                                                "create"
                                            ],
                                            "type": "layout",
                                            "content": [
                                                {
                                                    "mode": [
                                                        "view",
                                                        "edit",
                                                        "create"
                                                    ],
                                                    "type": "field",
                                                    "options": {},
                                                    "selector": "radiobutton"
                                                }
                                            ],
                                            "options": {
                                                "width": 4
                                            },
                                            "selector": "column"
                                        }
                                    ],
                                    "options": {},
                                    "selector": "row"
                                }
                            ],
                            "options": {
                                "name": "Rights",
                                "collapsed": false
                            },
                            "selector": "group"
                        },
                        {
                            "mode": [
                                "view",
                                "edit",
                                "create"
                            ],
                            "type": "framework",
                            "content": [
                                {
                                    "mode": [
                                        "view",
                                        "edit",
                                        "create"
                                    ],
                                    "type": "layout",
                                    "content": [
                                        {
                                            "mode": [
                                                "view",
                                                "edit",
                                                "create"
                                            ],
                                            "type": "layout",
                                            "content": [
                                                {
                                                    "mode": [
                                                        "view",
                                                        "edit",
                                                        "create"
                                                    ],
                                                    "type": "field",
                                                    "options": {},
                                                    "selector": "notes"
                                                }
                                            ],
                                            "options": {
                                                "width": 12
                                            },
                                            "selector": "column"
                                        }
                                    ],
                                    "options": {},
                                    "selector": "row"
                                }
                            ],
                            "options": {
                                "name": "Notes",
                                "collapsed": false
                            },
                            "selector": "group"
                        }
                    ],
                    "options": {
                        "width": 8
                    },
                    "selector": "column"
                },
                {
                    "mode": [
                        "view",
                        "edit",
                        "create"
                    ],
                    "type": "layout",
                    "content": [
                        {
                            "mode": [
                                "view",
                                "edit"
                            ],
                            "type": "layout",
                            "content": [
                                {
                                    "mode": [
                                        "view",
                                        "edit"
                                    ],
                                    "type": "layout",
                                    "content": [
                                        {
                                            "mode": [
                                                "view",
                                                "edit"
                                            ],
                                            "type": "field",
                                            "selector": "previewUrl"
                                        }
                                    ],
                                    "options": {
                                        "width": 12
                                    },
                                    "selector": "column"
                                }
                            ],
                            "selector": "row"
                        },
                        {
                            "mode": [
                                "view",
                                "edit"
                            ],
                            "type": "framework",
                            "content": [
                                {
                                    "mode": [
                                        "view",
                                        "edit"
                                    ],
                                    "type": "layout",
                                    "content": [
                                        {
                                            "mode": [
                                                "view",
                                                "edit"
                                            ],
                                            "type": "layout",
                                            "content": [
                                                {
                                                    "mode": [
                                                        "view",
                                                        "edit"
                                                    ],
                                                    "type": "field",
                                                    "selector": "submissionStatus"
                                                }
                                            ],
                                            "options": {
                                                "width": 12
                                            },
                                            "selector": "column"
                                        }
                                    ],
                                    "selector": "row"
                                },
                                {
                                    "mode": [
                                        "view",
                                        "edit"
                                    ],
                                    "type": "layout",
                                    "content": [
                                        {
                                            "mode": [
                                                "view",
                                                "edit"
                                            ],
                                            "type": "layout",
                                            "content": [
                                                {
                                                    "mode": [
                                                        "view",
                                                        "edit"
                                                    ],
                                                    "type": "field",
                                                    "selector": "submittedBy"
                                                }
                                            ],
                                            "options": {
                                                "width": 12
                                            },
                                            "selector": "column"
                                        }
                                    ],
                                    "selector": "row"
                                },
                                {
                                    "mode": [
                                        "view",
                                        "edit"
                                    ],
                                    "type": "layout",
                                    "content": [
                                        {
                                            "mode": [
                                                "view",
                                                "edit"
                                            ],
                                            "type": "layout",
                                            "content": [
                                                {
                                                    "mode": [
                                                        "view",
                                                        "edit"
                                                    ],
                                                    "type": "field",
                                                    "selector": "submittedDate"
                                                }
                                            ],
                                            "options": {
                                                "width": 12
                                            },
                                            "selector": "column"
                                        }
                                    ],
                                    "selector": "row"
                                },
                                {
                                    "mode": [
                                        "view",
                                        "edit"
                                    ],
                                    "type": "layout",
                                    "content": [
                                        {
                                            "mode": [
                                                "view",
                                                "edit"
                                            ],
                                            "type": "layout",
                                            "content": [
                                                {
                                                    "mode": [
                                                        "view",
                                                        "edit"
                                                    ],
                                                    "type": "field",
                                                    "selector": "comments"
                                                }
                                            ],
                                            "options": {
                                                "width": 12
                                            },
                                            "selector": "column"
                                        }
                                    ],
                                    "selector": "row"
                                }
                            ],
                            "options": {
                                "name": "Submission Details",
                                "collapsed": false
                            },
                            "selector": "group"
                        },
                        {
                            "mode": [
                                "view",
                                "edit",
                                "create"
                            ],
                            "type": "framework",
                            "content": [
                                {
                                    "mode": [
                                        "view",
                                        "edit",
                                        "create"
                                    ],
                                    "type": "layout",
                                    "content": [
                                        {
                                            "mode": [
                                                "view",
                                                "edit",
                                                "create"
                                            ],
                                            "type": "layout",
                                            "content": [
                                                {
                                                    "mode": [
                                                        "view",
                                                        "edit",
                                                        "create"
                                                    ],
                                                    "type": "field",
                                                    "options": {},
                                                    "selector": "isrc"
                                                }
                                            ],
                                            "options": {
                                                "width": 12
                                            },
                                            "selector": "column"
                                        }
                                    ],
                                    "options": {},
                                    "selector": "row"
                                },
                                {
                                    "mode": [
                                        "view",
                                        "edit",
                                        "create"
                                    ],
                                    "type": "layout",
                                    "content": [
                                        {
                                            "mode": [
                                                "view",
                                                "edit",
                                                "create"
                                            ],
                                            "type": "layout",
                                            "content": [
                                                {
                                                    "mode": [
                                                        "view",
                                                        "edit",
                                                        "create"
                                                    ],
                                                    "type": "field",
                                                    "options": {},
                                                    "selector": "version"
                                                }
                                            ],
                                            "options": {
                                                "width": 12
                                            },
                                            "selector": "column"
                                        }
                                    ],
                                    "options": {},
                                    "selector": "row"
                                },
                                {
                                    "mode": [
                                        "view",
                                        "edit",
                                        "create"
                                    ],
                                    "type": "layout",
                                    "content": [
                                        {
                                            "mode": [
                                                "view",
                                                "edit",
                                                "create"
                                            ],
                                            "type": "layout",
                                            "content": [
                                                {
                                                    "mode": [
                                                        "view",
                                                        "edit",
                                                        "create"
                                                    ],
                                                    "type": "field",
                                                    "options": {},
                                                    "selector": "originalLanguage"
                                                }
                                            ],
                                            "options": {
                                                "width": 12
                                            },
                                            "selector": "column"
                                        }
                                    ],
                                    "options": {},
                                    "selector": "row"
                                },
                                {
                                    "mode": [
                                        "view",
                                        "edit",
                                        "create"
                                    ],
                                    "type": "layout",
                                    "content": [
                                        {
                                            "mode": [
                                                "view",
                                                "edit",
                                                "create"
                                            ],
                                            "type": "layout",
                                            "content": [
                                                {
                                                    "mode": [
                                                        "view",
                                                        "edit",
                                                        "create"
                                                    ],
                                                    "type": "field",
                                                    "options": {},
                                                    "selector": "artistCountry"
                                                }
                                            ],
                                            "options": {
                                                "width": 12
                                            },
                                            "selector": "column"
                                        }
                                    ],
                                    "options": {},
                                    "selector": "row"
                                },
                                {
                                    "mode": [
                                        "view",
                                        "edit",
                                        "create"
                                    ],
                                    "type": "layout",
                                    "content": [
                                        {
                                            "mode": [
                                                "view",
                                                "edit",
                                                "create"
                                            ],
                                            "type": "layout",
                                            "content": [
                                                {
                                                    "mode": [
                                                        "view",
                                                        "edit",
                                                        "create"
                                                    ],
                                                    "type": "field",
                                                    "options": {},
                                                    "selector": "countryOfProduction"
                                                }
                                            ],
                                            "options": {
                                                "width": 12
                                            },
                                            "selector": "column"
                                        }
                                    ],
                                    "options": {},
                                    "selector": "row"
                                }
                            ],
                            "options": {
                                "name": "Details",
                                "collapsed": false
                            },
                            "selector": "group"
                        }
                    ],
                    "options": {
                        "width": 4
                    },
                    "selector": "column"
                }
            ],
            "options": {},
            "selector": "row"
        }
    ],
    "contentType": "music-video",
    "createdBy": "admin",
    "createdDate": "2018-09-07T09:42:36.913Z",
    "modifiedBy": "admin",
    "modifiedDate": "2018-09-07T09:42:36.913Z"
}
