{
    "Channels": {
        "ChannelShowDetailsRpc": {
            "ActiveInactive": "Y",
            "AnalogDigital": {
                "@nil": "true"
            },
            "ChannelId": "1",
            "ChannelName": "MTV",
            "ChannelShortName": "MTV",
            "ContentOwnerId": {
                "@nil": "true"
            },
            "DatabaseName": {
                "@nil": "true"
            },
            "OwnerChannelCode": "1",
            "PtsChanelId": "130"
        }
    },
    "ContentType": {
        "ContentTypeShowDetailsRpc": {
            "BorrowLimit": "10",
            "Company": "MTVN",
            "ContentTypeAbbrev": "LF",
            "ContentTypeDesc": "Finished",
            "ContentTypeId": "1",
            "ExternalIdLabel": "DSID",
            "ExternalIdLocation": "D",
            "PrepSwapInd": "Y",
            "Source": {
                "@nil": "true"
            },
            "SystemOfOrigin": "PTS"
        }
    },
    "Episode": "101A-SpongeBob SquarePants",
    "EpisodeId": "132716",
    "Season": "Season - 6",
    "SeasonId": "6",
    "Series": "SpongeBob SquarePants",
    "SeriesId": "794",
    "Version": "SPONGEBOB SQUAREPANTS #101 DR CC(preview available) - XSP101A - Caption QC SD MOV 2CA, DB, MOV ProRes 422 720x486 23.98 4CA, MXF SD 50i 4CA (NTSC), QT Proxy - SD, QT Proxy 480x360 23.98 2CA, SCC (Timecode Relative Non Drop Frame), WebVTT (File Relative), WebVTT 23.98 (File Relative)",
    "VersionId": "256089"
}