{
	"startRecord": 1,
	"resultList": [{
		"id": 8,
		"submissionFormData": {
			"isrc": "ISWSK7879998",
			"notes": "Metadata received",
			"artist": "Hollywood Undead",
			"rights": [{
				"platform": [
					["", "TVVOD", "LTV"], ""
				],
				"availableOn": ["2017-11-15T18:30:00.000Z", ""],
				"territories": [
					["", "WW", "NT"], ""
				]
			}],
			"status": "Awaiting Elements",
			"artists": [{
				"names": ["Daniel", ""],
				"types": ["And", ""]
			}],
			"version": "version66",
			"explicit": true,
			"composers": "Bruise,Brenn",
			"directors": "Murillo",
			"fileItems": [{
				"filename": "Too_Original.stl",
				"filetype": "stl"
			}, {
				"filename": "Too_Original_subtitiles.doc.doc",
				"filetype": "doc"
			}, {
				"filename": "I am Shasha Fierce.doc",
				"filetype": "doc"
			}],
			"albumTitle": "American Tragedy",
			"publishers": "Dan Gilmore",
			"trackTitle": "Apologize",
			"parentLabel": "Sony Music",
			"recordLabel": "Universal",
			"albumReleaseDate": "2017-11-08T18:30:00.000Z",
			"originalLanguage": "Spanish",
			"yearOfProduction": "2014",
			"countryOfProduction": "Angola",
			"videoCountryOfOrigin": "Katy On A Mission",
			"artistCountryOfOrigin": "Antarctica",
			"allowViacomComplianceEdit": false
		},
		"trackUrl":"http://techslides.com/demos/sample-videos/small.mp4",
		"submittedDate": "06/12/2017 00:00:00",
		"modifiedDate": "06/12/2017 00:00:00",
		"submittedBy": "Admin",
		"modifiedBy": "Admin",
		"contentType": "1",
		"submissionStatus": "5"
	}, {
		"id": 7,
		"submissionFormData": {
			"isrc": "LIUYF5678908",
			"notes": "Tech specification - pending",
			"artist": "Kate",
			"rights": [{
				"platform": [
					["", "ONLVOD"], ""
				],
				"availableOn": ["2017-11-07T18:30:00.000Z", ""],
				"territories": [
					["", "CT"], ""
				]
			}],
			"status": "Complete Ingest",
			"artists": [{
				"names": ["Milton", ""],
				"types": ["Versus", ""]
			}],
			"version": "version10",
			"explicit": true,
			"composers": "Robert",
			"directors": "Henry",
			"fileItems": [{
				"filename": "BET.mxf",
				"filetype": "mxf"
			}, {
				"filename": "BETDOC.doc",
				"filetype": "doc"
			}, {
				"filename": "DMI.pdf",
				"filetype": "pdf"
			}, {
				"filename": "DMISTL.stl",
				"filetype": "stl"
			}],
			"albumTitle": "Wolf- Track",
			"publishers": "Hanks",
			"trackTitle": "Wolf Feat",
			"parentLabel": "Warner Music Group",
			"recordLabel": "Universal",
			"albumReleaseDate": "2017-11-08T18:30:00.000Z",
			"originalLanguage": "English",
			"yearOfProduction": "2014",
			"countryOfProduction": "Austria",
			"videoCountryOfOrigin": "Cuba",
			"artistCountryOfOrigin": "American Samoa",
			"allowViacomComplianceEdit": false
		},
		"submittedDate": "06/12/2017 00:00:00",
		"modifiedDate": "06/12/2017 00:00:00",
		"submittedBy": "Admin",
		"modifiedBy": "Admin",
		"contentType": "1",
		"submissionStatus": "8"
	}, {
		"id": 10,
		"submissionFormData": {
			"isrc": "123456789123",
			"notes": "Pending-QC ",
			"artist": "Kennet",
			"rights": [{
				"platform": [
					["", "TVVOD", "ONLVOD"], ""
				],
				"availableOn": ["2017-11-06T18:30:00.000Z", ""],
				"territories": [
					["", "SU", "AL"], ""
				]
			}],
			"status": "Pending QC",
			"artists": [{
				"names": ["sasssssss", ""],
				"types": ["And", ""]
			}],
			"version": "version1",
			"explicit": true,
			"composers": "Jeni",
			"directors": "Flor",
			"fileItems": [{
				"filename": "BET.mxf",
				"filetype": "mxf"
			}, {
				"filename": "BETDOC.doc",
				"filetype": "doc"
			}, {
				"filename": "DMI.pdf",
				"filetype": "pdf"
			}, {
				"filename": "DMISTL.stl",
				"filetype": "stl"
			}],
			"albumTitle": "Alive-Theme",
			"publishers": "Loritha",
			"trackTitle": "Person alive",
			"parentLabel": "Sony Music",
			"recordLabel": "Universal",
			"albumReleaseDate": "2017-11-06T18:30:00.000Z",
			"originalLanguage": "Spanish",
			"yearOfProduction": "2016",
			"countryOfProduction": "Åland Islands",
			"videoCountryOfOrigin": "Katy On A Mission",
			"artistCountryOfOrigin": "American Samoa",
			"allowViacomComplianceEdit": false
		},
		"submittedDate": "05/12/2017 00:00:00",
		"modifiedDate": "06/12/2017 00:00:00",
		"submittedBy": "Admin",
		"modifiedBy": "Admin",
		"contentType": "1",
		"submissionStatus": "4"
	}, {
		"id": 5,
		"submissionFormData": {
			"isrc": "KJHGCV567893",
			"notes": "Metadata review",
			"artist": "Johny",
			"rights": [{
				"platform": [
					["", "ONLVOD", "ONLSTR"], ""
				],
				"availableOn": ["2017-11-14T18:30:00.000Z", ""],
				"territories": [
					["", "WW", "SU"], ""
				]
			}],
			"status": "Pending Ingest",
			"artists": [{
				"names": ["Tom", ""],
				"types": ["Featuring", ""]
			}],
			"version": "version091",
			"explicit": true,
			"composers": "Karl, Kennet",
			"directors": "Andrew",
			"fileItems": [{
				"filename": "BET.mxf",
				"filetype": "mxf"
			}, {
				"filename": "BETDOC.doc",
				"filetype": "doc"
			}, {
				"filename": "DMI.pdf",
				"filetype": "pdf"
			}, {
				"filename": "DMISTL.stl",
				"filetype": "stl"
			}],
			"albumTitle": "Swan Songs",
			"publishers": "Jenney",
			"trackTitle": "Ode to the Bouncer",
			"parentLabel": "Warner Music Group",
			"recordLabel": "Universal",
			"albumReleaseDate": "2017-11-15T18:30:00.000Z",
			"originalLanguage": "Spanish",
			"yearOfProduction": "2013",
			"countryOfProduction": "Angola",
			"videoCountryOfOrigin": "Katy On A Mission",
			"artistCountryOfOrigin": "Australia",
			"allowViacomComplianceEdit": false
		},
		"submittedDate": "05/12/2017 00:00:00",
		"trackUrl":"http://techslides.com/demos/sample-videos/small.mp4",
		"modifiedDate": "06/12/2017 16:00:00",
		"submittedBy": "Admin",
		"modifiedBy": "Admin",
		"contentType": "1",
		"submissionStatus": "6"
	}, {
		"id": 6,
		"submissionFormData": {
			"isrc": "IUYTRD567891",
			"notes": "Delivered to mediator",
			"artist": "Jenifer",
			"rights": [{
				"platform": [
					["", "TVVOD"], ""
				],
				"availableOn": ["2017-11-14T18:30:00.000Z", ""],
				"territories": [
					["", "CT"], ""
				]
			}],
			"status": "Failed",
			"artists": [{
				"names": ["Kevin"],
				"types": ["Featuring"]
			}],
			"version": "version19",
			"explicit": true,
			"composers": "Harris",
			"directors": "Lawrence",
			"fileItems": [{
				"filename": "I am Shasha Fierce.doc",
				"filetype": "doc"
			}, {
				"filename": "Too_Original.stl",
				"filetype": "stl"
			}, {
				"filename": "Too_Original_subtitiles.doc.doc",
				"filetype": "doc"
			}],
			"albumTitle": "Kann- Release",
			"publishers": "Matt, Demon",
			"trackTitle": "Ein Herz Kann",
			"parentLabel": "Sony Music",
			"recordLabel": "Universal",
			"albumReleaseDate": "2017-11-15T18:30:00.000Z",
			"originalLanguage": "English",
			"yearOfProduction": "2013",
			"countryOfProduction": "Algeria",
			"videoCountryOfOrigin": "Katy On A Mission",
			"artistCountryOfOrigin": "American Samoa",
			"allowViacomComplianceEdit": false
		},
		"submittedDate": "05/12/2017 00:00:00",
		"modifiedDate": "06/12/2017 00:00:00",
		"submittedBy": "Admin",
		"modifiedBy": "Admin",
		"contentType": "1",
		"submissionStatus": "9"
	}, {
		"id": 15,
		"submissionFormData": {
			"isrc": "12345678901j-",
			"notes": "Tech specification - ok",
			"artist": "Selena Gomez",
			"rights": [{
				"platform": ["", ""],
				"availableOn": ["", ""],
				"territories": ["", ""]
			}],
			"status": "In Progress Ingest",
			"artists": [{
				"names": ["Kygo"],
				"types": ["And", "Featuring"]
			}],
			"version": "Version2.2",
			"explicit": false,
			"composers": "vevo music",
			"directors": "Albert",
			"fileItems": [{
				"filename": "I am Shasha Fierce.doc",
				"filetype": "doc"
			}, {
				"filename": "Too_Original.stl",
				"filetype": "stl"
			}, {
				"filename": "Too_Original_subtitiles.doc.doc",
				"filetype": "doc"
			}, {
				"filename": "I am Shasha Fierce.doc",
				"filetype": "doc"
			}, {
				"filename": "Too_Original.stl",
				"filetype": "stl"
			}, {
				"filename": "Too_Original_subtitiles.doc.doc",
				"filetype": "doc"
			}, {
				"filename": "I am Shasha Fierce.doc",
				"filetype": "doc"
			}, {
				"filename": "Too_Original.stl",
				"filetype": "stl"
			}, {
				"filename": "Too_Original_subtitiles.doc.doc",
				"filetype": "doc"
			}],
			"albumTitle": "Stargazing",
			"publishers": "James, Kennet",
			"trackTitle": "It ain't me",
			"parentLabel": "Universal Music Group",
			"recordLabel": "Universal",
			"albumReleaseDate": "2017-11-08T18:30:00.000Z",
			"originalLanguage": "Bahasa Malay",
			"yearOfProduction": "2003",
			"countryOfProduction": "Austria",
			"artistCountryOfOrigin": "Australia",
			"allowViacomComplianceEdit": false
		},
		"submittedDate": "05/12/2017 00:00:00",
		"modifiedDate": "06/12/2017 00:00:00",
		"submittedBy": "Admin",
		"modifiedBy": "Admin",
		"contentType": "1",
		"submissionStatus": "7"
	}, {
		"id": 9,
		"submissionFormData": {
			"isrc": "DFG46789F67B",
			"notes": "QC is Pending",
			"artist": "Rannie",
			"rights": [{
				"platform": [
					[
						[{
							"id": "LTV",
							"name": "LINEAR TV"
						}, {
							"id": "TVVOD",
							"name": "TV VOD"
						}, {
							"id": "ONLSTR",
							"name": "ONLINE STREAMING"
						}, {
							"id": "ONLVOD",
							"name": "ONLINE VOD"
						}, {
							"id": "WISTR",
							"name": "WIRELESS STREAMING"
						}, {
							"id": "WIVOD",
							"name": "WIRELESS VOD"
						}],
						[{
							"id": "LTV",
							"name": "LINEAR TV"
						}, {
							"id": "TVVOD",
							"name": "TV VOD"
						}, {
							"id": "ONLSTR",
							"name": "ONLINE STREAMING"
						}, {
							"id": "ONLVOD",
							"name": "ONLINE VOD"
						}, {
							"id": "WISTR",
							"name": "WIRELESS STREAMING"
						}, {
							"id": "WIVOD",
							"name": "WIRELESS VOD"
						}],
						[{
							"id": "LTV",
							"name": "LINEAR TV"
						}, {
							"id": "TVVOD",
							"name": "TV VOD"
						}, {
							"id": "ONLSTR",
							"name": "ONLINE STREAMING"
						}, {
							"id": "ONLVOD",
							"name": "ONLINE VOD"
						}, {
							"id": "WISTR",
							"name": "WIRELESS STREAMING"
						}, {
							"id": "WIVOD",
							"name": "WIRELESS VOD"
						}]
					],
					[
						[{
							"id": "LTV",
							"name": "LINEAR TV"
						}, {
							"id": "TVVOD",
							"name": "TV VOD"
						}, {
							"id": "ONLSTR",
							"name": "ONLINE STREAMING"
						}, {
							"id": "ONLVOD",
							"name": "ONLINE VOD"
						}, {
							"id": "WISTR",
							"name": "WIRELESS STREAMING"
						}, {
							"id": "WIVOD",
							"name": "WIRELESS VOD"
						}]
					]
				],
				"availableOn": ["2017-11-14T18:30:00.000Z", "2017-11-14T18:30:00.000Z"],
				"territories": ["", ""]
			}],
			"status": "Pending QC",
			"artists": [{
				"names": ["platformOptions", ""],
				"types": ["And", ""]
			}],
			"version": "version1256",
			"explicit": true,
			"composers": "Cammeron,Hanks",
			"directors": "Jenney",
			"fileItems": [{
				"filename": "BET.mxf",
				"filetype": "mxf"
			}, {
				"filename": "BETDOC.doc",
				"filetype": "doc"
			}, {
				"filename": "DMI.pdf",
				"filetype": "pdf"
			}, {
				"filename": "DMISTL.stl",
				"filetype": "stl"
			}],
			"albumTitle": "Winter flower- Theme",
			"publishers": "David",
			"trackTitle": "Winter flower",
			"parentLabel": "Universal Music Group",
			"recordLabel": "Universal",
			"albumReleaseDate": "2017-11-07T18:30:00.000Z",
			"originalLanguage": "Spanish",
			"yearOfProduction": "2002",
			"countryOfProduction": "Bahamas",
			"videoCountryOfOrigin": "Cuba",
			"artistCountryOfOrigin": "Algeria",
			"allowViacomComplianceEdit": false
		},
		"submittedDate": "05/12/2017 00:00:00",
		"modifiedDate": "06/12/2017 00:00:00",
		"submittedBy": "Admin",
		"modifiedBy": "Admin",
		"contentType": "1",
		"submissionStatus": "4"
	}, {
		"id": 11,
		"submissionFormData": {
			"isrc": "1234567890KL",
			"notes": "notessss",
			"artist": "James",
			"rights": [{
				"platform": [
					["ONLSTR"],
					["ONLVOD", "WISTR"]
				],
				"availableOn": ["2017-11-07T18:30:00.000Z", "2017-11-07T18:30:00.000Z"],
				"territories": [
					["CT"],
					["NT", "WE"]
				]
			}],
			"status": "In Progress Ingest",
			"artists": [{
				"names": ["Jeni", ""],
				"types": ["Featuring", ""]
			}],
			"version": "version98",
			"explicit": true,
			"composers": "Canny, Albert",
			"directors": "Cameron",
			"fileItems": [{
				"filename": "BET.mxf",
				"filetype": "mxf"
			}, {
				"filename": "BETDOC.doc",
				"filetype": "doc"
			}, {
				"filename": "DMI.pdf",
				"filetype": "pdf"
			}, {
				"filename": "DMISTL.stl",
				"filetype": "stl"
			}],
			"albumTitle": "Viacom Theme ",
			"publishers": "Kennet",
			"trackTitle": "Viacom Music",
			"parentLabel": "Universal Music Group",
			"recordLabel": "Universal",
			"albumReleaseDate": "2017-11-15T18:30:00.000Z",
			"originalLanguage": "Spanish",
			"yearOfProduction": "2015",
			"countryOfProduction": "Albania",
			"videoCountryOfOrigin": "",
			"artistCountryOfOrigin": "Albania",
			"allowViacomComplianceEdit": false
		},
		"submittedDate": "04/12/2017 00:00:00",
		"modifiedDate": "06/12/2017 00:00:00",
		"submittedBy": "Admin",
		"modifiedBy": "Admin",
		"contentType": "1",
		"submissionStatus": "7"
	}, {
		"id": 16,
		"submissionFormData": {
			"isrc": "12344fffffg-0",
			"notes": "Ingest is Pending",
			"artist": "Henry",
			"rights": [{
				"platform": [
					["ONLSTR", "ONLVOD", "WISTR"], ""
				],
				"availableOn": ["2017-11-07T18:30:00.000Z", ""],
				"territories": [
					["AC", "BX"], ""
				]
			}],
			"status": "Pending Ingest",
			"artists": [{
				"names": ["Anila", ""],
				"types": ["Featuring", ""]
			}],
			"version": "version181",
			"explicit": false,
			"composers": "Musaib",
			"directors": "Dan",
			"fileItems": [{
				"filename": "BET.mxf",
				"filetype": "mxf"
			}, {
				"filename": "BETDOC.doc",
				"filetype": "doc"
			}, {
				"filename": "DMI.pdf",
				"filetype": "pdf"
			}, {
				"filename": "DMISTL.stl",
				"filetype": "stl"
			}],
			"albumTitle": "Loser- Theme",
			"publishers": "Kann",
			"trackTitle": "Loser",
			"parentLabel": "Sony Music",
			"recordLabel": "Universal",
			"albumReleaseDate": "2017-11-14T18:30:00.000Z",
			"originalLanguage": "Albanian",
			"yearOfProduction": "2017",
			"countryOfProduction": "American Samoa",
			"artistCountryOfOrigin": "American Samoa",
			"allowViacomComplianceEdit": false
		},
		"submittedDate": "04/12/2017 00:00:00",
		"modifiedDate": "06/12/2017 00:00:00",
		"submittedBy": "Admin",
		"modifiedBy": "Admin",
		"contentType": "1",
		"submissionStatus": "6"
	}, {
		"id": 3,
		"submissionFormData": {
			"isrc": "EDTFY456789",
			"notes": "Asset upload complete",
			"artist": "Yuvan",
			"rights": [{
				"platform": [
					["", "ONLSTR", "ONLVOD"], ""
				],
				"availableOn": ["2017-11-21T18:30:00.000Z", ""],
				"territories": [
					["", "NT", "WE"], ""
				]
			}],
			"status": "Complete Ingest",
			"artists": [{
				"names": ["Harris", "", ""],
				"types": ["Versus", "", ""]
			}],
			"version": "version101",
			"explicit": true,
			"composers": "Kindra",
			"directors": "James Cameron",
			"fileItems": [{
				"filename": "I am Shasha Fierce.doc",
				"filetype": "doc"
			}, {
				"filename": "Too_Original.stl",
				"filetype": "stl"
			}, {
				"filename": "Too_Original_subtitiles.doc.doc",
				"filetype": "doc"
			}, {
				"filename": "I am Shasha Fierce.doc",
				"filetype": "doc"
			}, {
				"filename": "Too_Original.stl",
				"filetype": "stl"
			}, {
				"filename": "Too_Original_subtitiles.doc.doc",
				"filetype": "doc"
			}, {
				"filename": "I am Shasha Fierce.doc",
				"filetype": "doc"
			}, {
				"filename": "Too_Original.stl",
				"filetype": "stl"
			}, {
				"filename": "Too_Original_subtitiles.doc.doc",
				"filetype": "doc"
			}, {
				"filename": "I am Shasha Fierce.doc",
				"filetype": "doc"
			}, {
				"filename": "Too_Original.stl",
				"filetype": "stl"
			}, {
				"filename": "Too_Original_subtitiles.doc.doc",
				"filetype": "doc"
			}],
			"albumTitle": "Sheep-Teaser",
			"publishers": "Wolf fEAT",
			"trackTitle": "I see sheep fall from the sky",
			"parentLabel": "Universal Music Group",
			"recordLabel": "UniversalLabel",
			"albumReleaseDate": "2017-11-16T18:30:00.000Z",
			"originalLanguage": "English",
			"yearOfProduction": "2004",
			"countryOfProduction": "Bahamas",
			"videoCountryOfOrigin": "Cuba",
			"artistCountryOfOrigin": "Algeria",
			"allowViacomComplianceEdit": false
		},
		"submittedDate": "04/12/2017 00:00:00",
		"modifiedDate": "06/12/2017 12:00:00",
		"submittedBy": "Admin",
		"modifiedBy": "Admin",
		"contentType": "1",
		"submissionStatus": "8"
	}]
}