{
  "layoutSchema": [
    {
      "mode": [
        "create"
      ],
      "type": "layout",
      "content": [
        {
          "mode": [
            "create"
          ],
          "type": "layout",
          "content": [
            {
              "mode": [
                "create"
              ],
              "type": "layout",
              "content": [
                {
                  "mode": [
                    "create"
                  ],
                  "type": "field",
                  "options": {},
                  "selector": "episodeNumber"
                }
              ],
              "options": {
                "width": 2
              },
              "selector": "column"
            },
            {
              "mode": [
                "create"
              ],
              "type": "layout",
              "content": [
                {
                  "mode": [
                    "create"
                  ],
                  "type": "field",
                  "options": {},
                  "selector": "episodeTitle"
                }
              ],
              "options": {
                "width": 9
              },
              "selector": "column"
            }
          ],
          "options": {},
          "selector": "row"
        },
        {
          "mode": [
            "create"
          ],
          "type": "layout",
          "content": [
            {
              "mode": [
                "create"
              ],
              "type": "layout",
              "content": [
                {
                  "mode": [
                    "create"
                  ],
                  "type": "field",
                  "options": {},
                  "selector": "synopsis"
                }
              ],
              "options": {
                "width": 11
              },
              "selector": "column"
            }
          ],
          "options": {},
          "selector": "row"
        }
      ],
      "options": {
        "id": "episode",
        "name": "Episode :episodeNumber +:episodeTitle",
        "hidden": false,
        "collapsed": false,
        "removable": true
      },
      "selector": "group"
    },
    {
      "mode": [
        "view",
        "edit"
      ],
      "type": "layout",
      "content": [
        {
          "mode": [
            "view",
            "edit"
          ],
          "type": "layout",
          "content": [
            {
              "mode": [
                "view",
                "edit"
              ],
              "type": "layout",
              "content": [
                {
                  "mode": [
                    "view",
                    "edit"
                  ],
                  "type": "field",
                  "options": {
                    "readonly": true
                  },
                  "selector": "episodeNumber"
                }
              ],
              "options": {
                "width": 2
              },
              "selector": "column"
            },
            {
              "mode": [
                "view",
                "edit"
              ],
              "type": "layout",
              "content": [
                {
                  "mode": [
                    "view",
                    "edit"
                  ],
                  "type": "field",
                  "options": {
                    "readonly": true,
                    "hideIfEmpty": true
                  },
                  "selector": "episodeTitle"
                }
              ],
              "options": {
                "width": 9
              },
              "selector": "column"
            }
          ],
          "options": {},
          "selector": "row"
        },
        {
          "mode": [
            "view",
            "edit"
          ],
          "type": "layout",
          "content": [
            {
              "mode": [
                "view",
                "edit"
              ],
              "type": "layout",
              "content": [
                {
                  "mode": [
                    "view",
                    "edit"
                  ],
                  "type": "field",
                  "options": {
                    "readonly": true,
                    "hideIfEmpty": true
                  },
                  "selector": "synopsis"
                }
              ],
              "options": {
                "width": 11
              },
              "selector": "column"
            }
          ],
          "options": {},
          "selector": "row"
        }
      ],
      "options": {
        "id": "episode",
        "name": "Episode :episodeNumber",
        "hidden": false,
        "collapsed": false,
        "removable": false
      },
      "selector": "group"
    }
  ],
  "contentType": "cr-episode"
}
