{
  "layoutSchema" : [ {
    "mode" : [ "view", "edit", "create" ],
    "type" : "layout",
    "content" : [ {
      "mode" : [ "view", "edit", "create" ],
      "type" : "layout",
      "content" : [ {
        "mode" : [ "view", "edit", "create" ],
        "type" : "framework",
        "content" : [ {
          "mode" : [ "view", "edit", "create" ],
          "type" : "layout",
          "content" : [ {
            "mode" : [ "view", "edit", "create" ],
            "type" : "layout",
            "content" : [ {
              "mode" : [ "view", "edit", "create" ],
              "type" : "field",
              "options" : { },
              "selector" : "title"
            } ],
            "options" : {
              "width" : 12
            },
            "selector" : "column"
          } ],
          "options" : { },
          "selector" : "row"
        }, {
          "mode" : [ "view", "edit", "create" ],
          "type" : "layout",
          "content" : [ {
            "mode" : [ "view", "edit", "create" ],
            "type" : "layout",
            "content" : [ {
              "mode" : [ "view", "edit", "create" ],
              "type" : "field",
              "options" : { },
              "selector" : "provenance"
            } ],
            "options" : {
              "width" : 2
            },
            "selector" : "column"
          }, {
            "mode" : [ "view", "edit", "create" ],
            "type" : "layout",
            "content" : [ {
              "mode" : [ "view", "edit", "create" ],
              "type" : "field",
              "options" : { },
              "selector" : "brand"
            } ],
            "options" : {
              "width" : 2
            },
            "selector" : "column"
          }, {
            "mode" : [ "view", "edit", "create" ],
            "type" : "layout",
            "content" : [ {
              "mode" : [ "view", "edit", "create" ],
              "type" : "field",
              "options" : { },
              "selector" : "linearOriginChannel"
            } ],
            "options" : {
              "width" : 2
            },
            "selector" : "column"
          }, {
            "mode" : [ "view", "edit", "create" ],
            "type" : "layout",
            "content" : [ {
              "mode" : [ "view", "edit", "create" ],
              "type" : "field",
              "options" : { },
              "selector" : "originCountry"
            } ],
            "options" : {
              "width" : 2
            },
            "selector" : "column"
          }, {
            "mode" : [ "view", "edit", "create" ],
            "type" : "layout",
            "content" : [ {
              "mode" : [ "view", "edit", "create" ],
              "type" : "field",
              "options" : { },
              "selector" : "originLanguage"
            } ],
            "options" : {
              "width" : 2
            },
            "selector" : "column"
          } ],
          "options" : { },
          "selector" : "row"
        }, {
          "mode" : [ "view", "edit", "create" ],
          "type" : "layout",
          "content" : [ {
            "mode" : [ "view", "edit", "create" ],
            "type" : "layout",
            "content" : [ {
              "mode" : [ "view", "edit", "create" ],
              "type" : "field",
              "options" : { },
              "selector" : "synopsis"
            } ],
            "options" : {
              "width" : 6
            },
            "selector" : "column"
          } ],
          "options" : { },
          "selector" : "row"
        } ],
        "options" : {
          "name" : "Movie",
          "addable" : false,
          "collapsed" : false,
          "removable" : true
        },
        "selector" : "group"
      } ],
      "options" : {
        "width" : 12
      },
      "selector" : "column"
    } ],
    "options" : { },
    "selector" : "row"
  } ],
  "contentType" : "cr-movie"
}