{
  "layoutSchema": [
    {
      "mode": [
        "view",
        "edit",
        "create"
      ],
      "type": "layout",
      "content": [
        {
          "mode": [
            "view",
            "edit",
            "create"
          ],
          "type": "layout",
          "content": [
            {
              "mode": [
                "view",
                "edit",
                "create"
              ],
              "type": "framework",
              "content": [
                {
                  "mode": [
                    "view",
                    "edit",
                    "create"
                  ],
                  "type": "layout",
                  "content": [
                    {
                      "mode": [
                        "view",
                        "create",
                        "edit"
                      ],
                      "type": "layout",
                      "content": [
                        {
                          "mode": [
                            "view",
                            "edit"
                          ],
                          "type": "field",
                          "options": {},
                          "selector": "otherTitles"
                        },
                        {
                          "mode": [
                            "create"
                          ],
                          "type": "field",
                          "options": {},
                          "selector": "title"
                        }
                      ],
                      "options": {
                        "width": 12
                      },
                      "selector": "column"
                    }
                  ],
                  "options": {},
                  "selector": "row"
                },
                {
                  "mode": [
                    "view",
                    "edit",
                    "create"
                  ],
                  "type": "layout",
                  "content": [
                    {
                      "mode": [
                        "view",
                        "edit"
                      ],
                      "type": "field",
                      "options": {
                        "hidden": true,
                        "readonly": true
                      },
                      "selector": "vmid"
                    },
                    {
                      "mode": [
                        "view",
                        "edit",
                        "create"
                      ],
                      "type": "layout",
                      "content": [
                        {
                          "mode": [
                            "create"
                          ],
                          "type": "field",
                          "options": {},
                          "selector": "provenance"
                        },
                        {
                          "mode": [
                            "view",
                            "edit"
                          ],
                          "type": "field",
                          "options": {
                            "readonly": true
                          },
                          "selector": "provenance"
                        }
                      ],
                      "options": {
                        "width": 2
                      },
                      "selector": "column"
                    },
                    {
                      "mode": [
                        "view",
                        "edit",
                        "create"
                      ],
                      "type": "layout",
                      "content": [
                        {
                          "mode": [
                            "create"
                          ],
                          "type": "field",
                          "options": {},
                          "selector": "brand"
                        },
                        {
                          "mode": [
                            "view",
                            "edit"
                          ],
                          "type": "field",
                          "options": {
                            "readonly": true
                          },
                          "selector": "brand"
                        }
                      ],
                      "options": {
                        "width": 2
                      },
                      "selector": "column"
                    },
                    {
                      "mode": [
                        "view",
                        "edit",
                        "create"
                      ],
                      "type": "layout",
                      "content": [
                        {
                          "mode": [
                            "create"
                          ],
                          "type": "field",
                          "options": {},
                          "selector": "linearOriginChannel"
                        },
                        {
                          "mode": [
                            "view",
                            "edit"
                          ],
                          "type": "field",
                          "options": {
                            "readonly": true
                          },
                          "selector": "linearOriginChannel"
                        }
                      ],
                      "options": {
                        "width": 2
                      },
                      "selector": "column"
                    },
                    {
                      "mode": [
                        "view",
                        "edit",
                        "create"
                      ],
                      "type": "layout",
                      "content": [
                        {
                          "mode": [
                            "create"
                          ],
                          "type": "field",
                          "options": {},
                          "selector": "originCountry"
                        },
                        {
                          "mode": [
                            "view",
                            "edit"
                          ],
                          "type": "field",
                          "options": {
                            "readonly": true
                          },
                          "selector": "originCountry"
                        }
                      ],
                      "options": {
                        "width": 2
                      },
                      "selector": "column"
                    },
                    {
                      "mode": [
                        "view",
                        "edit",
                        "create"
                      ],
                      "type": "layout",
                      "content": [
                        {
                          "mode": [
                            "create"
                          ],
                          "type": "field",
                          "options": {},
                          "selector": "originLanguage"
                        },
                        {
                          "mode": [
                            "view",
                            "edit"
                          ],
                          "type": "field",
                          "options": {
                            "readonly": true
                          },
                          "selector": "originLanguage"
                        }
                      ],
                      "options": {
                        "width": 2
                      },
                      "selector": "column"
                    }
                  ],
                  "options": {},
                  "selector": "row"
                },
                {
                  "mode": [
                    "edit"
                  ],
                  "type": "layout",
                  "content": [
                    {
                      "mode": [
                        "edit"
                      ],
                      "type": "layout",
                      "content": [
                        {
                          "mode": [
                            "edit"
                          ],
                          "type": "field",
                          "options": {},
                          "selector": "title"
                        }
                      ],
                      "options": {
                        "width": 12
                      },
                      "selector": "column"
                    }
                  ],
                  "options": {},
                  "selector": "row"
                },
                {
                  "mode": [
                    "view",
                    "create",
                    "edit"
                  ],
                  "type": "layout",
                  "content": [
                    {
                      "mode": [
                        "create"
                      ],
                      "type": "layout",
                      "content": [
                        {
                          "mode": [
                            "create"
                          ],
                          "type": "field",
                          "options": {},
                          "selector": "synopsis"
                        }
                      ],
                      "options": {
                        "width": 6
                      },
                      "selector": "column"
                    },
                    {
                      "mode": [
                        "edit"
                      ],
                      "type": "layout",
                      "content": [
                        {
                          "mode": [
                            "edit"
                          ],
                          "type": "field",
                          "options": {},
                          "selector": "synopsis"
                        }
                      ],
                      "options": {
                        "width": 12
                      },
                      "selector": "column"
                    },
                    {
                      "mode": [
                        "view"
                      ],
                      "type": "layout",
                      "content": [
                        {
                          "mode": [
                            "view"
                          ],
                          "type": "field",
                          "options": {
                            "readonly": true,
                            "hideIfEmpty": true
                          },
                          "selector": "synopsis"
                        }
                      ],
                      "options": {
                        "width": 12
                      },
                      "selector": "column"
                    },
                    {
                      "mode": [
                        "create"
                      ],
                      "type": "layout",
                      "content": [
                        {
                          "mode": [
                            "create"
                          ],
                          "type": "field",
                          "options": {},
                          "selector": "hasSeasons"
                        }
                      ],
                      "options": {
                        "width": 4
                      },
                      "selector": "column"
                    }
                  ],
                  "options": {},
                  "selector": "row"
                }
              ],
              "options": {
                "id": "series",
                "name": "Series +:title",
                "hidden": false,
                "addable": false,
                "collapsed": false,
                "removable": true,
                "actionsMenu": {
                  "actions": [
                    {
                      "key": "addSeason",
                      "title": "Add Season",
                      "dependency": {
                        "field": "hasSeasons",
                        "value": true,
                        "action": "visible"
                      }
                    },
                    {
                      "key": "addEpisodes",
                      "title": "Add Episodes",
                      "dependency": {
                        "field": "hasSeasons",
                        "value": false,
                        "action": "visible"
                      }
                    }
                  ]
                },
                "panelActionDependantFields": [
                  "seasons",
                  "episodes"
                ]
              },
              "selector": "group"
            },
            {
              "mode": [
                "create"
              ],
              "type": "field",
              "options": {
                "width": 12
              },
              "selector": "seasons"
            },
            {
              "mode": [
                "view",
                "edit"
              ],
              "type": "field",
              "options": {
                "width": 12,
                "readonly": true
              },
              "selector": "seasons"
            },
            {
              "mode": [
                "create"
              ],
              "type": "field",
              "options": {
                "width": 12
              },
              "selector": "episodes"
            },
            {
              "mode": [
                "view",
                "edit"
              ],
              "type": "field",
              "options": {
                "width": 12,
                "readonly": true
              },
              "selector": "episodes"
            }
          ],
          "options": {
            "width": 12
          },
          "selector": "column"
        }
      ],
      "options": {},
      "selector": "row"
    }
  ],
  "contentType": "cr-series"
}