{
  "layoutSchema": [
    {
      "mode": [
        "view",
        "edit",
        "create"
      ],
      "type": "layout",
      "content": [
        {
          "mode": [
            "view",
            "edit",
            "create"
          ],
          "type": "layout",
          "content": [
            {
              "mode": [
                "view",
                "edit"
              ],
              "type": "layout",
              "content": [
                {
                  "mode": [
                    "view",
                    "edit"
                  ],
                  "type": "field",
                  "options": {
                    "readonly": true
                  },
                  "selector": "vmid"
                }
              ],
              "options": {
                "width": 2,
                "hidden": true
              },
              "selector": "column"
            },
            {
              "mode": [
                "view",
                "edit",
                "create"
              ],
              "type": "layout",
              "content": [
                {
                  "mode": [
                    "create"
                  ],
                  "type": "field",
                  "options": {},
                  "selector": "provenance"
                },
                {
                  "mode": [
                    "view",
                    "edit"
                  ],
                  "type": "field",
                  "options": {
                    "readonly": true
                  },
                  "selector": "provenance"
                }
              ],
              "options": {
                "width": 3
              },
              "selector": "column"
            },
            {
              "mode": [
                "view",
                "edit",
                "create"
              ],
              "type": "layout",
              "content": [
                {
                  "mode": [
                    "create"
                  ],
                  "type": "field",
                  "options": {},
                  "selector": "brand"
                },
                {
                  "mode": [
                    "view",
                    "edit"
                  ],
                  "type": "field",
                  "options": {
                    "readonly": true
                  },
                  "selector": "brand"
                }
              ],
              "options": {
                "width": 3
              },
              "selector": "column"
            },
            {
              "mode": [
                "view",
                "edit",
                "create"
              ],
              "type": "layout",
              "content": [
                {
                  "mode": [
                    "create"
                  ],
                  "type": "field",
                  "options": {},
                  "selector": "linearOriginChannel"
                },
                {
                  "mode": [
                    "view",
                    "edit"
                  ],
                  "type": "field",
                  "options": {
                    "readonly": true
                  },
                  "selector": "linearOriginChannel"
                }
              ],
              "options": {
                "width": 3
              },
              "selector": "column"
            },
            {
              "mode": [
                "view",
                "edit",
                "create"
              ],
              "type": "layout",
              "content": [
                {
                  "mode": [
                    "create"
                  ],
                  "type": "field",
                  "options": {},
                  "selector": "originCountry"
                },
                {
                  "mode": [
                    "view",
                    "edit"
                  ],
                  "type": "field",
                  "options": {
                    "readonly": true
                  },
                  "selector": "originCountry"
                }
              ],
              "options": {
                "width": 3
              },
              "selector": "column"
            }
          ],
          "options": {},
          "selector": "row"
        },
        {
          "mode": [
            "view",
            "edit",
            "create"
          ],
          "type": "layout",
          "content": [
            {
              "mode": [
                "create"
              ],
              "type": "layout",
              "content": [
                {
                  "mode": [
                    "create"
                  ],
                  "type": "field",
                  "options": {},
                  "selector": "seasonNumber"
                }
              ],
              "options": {
                "width": 3
              },
              "selector": "column"
            },
            {
              "mode": [
                "view",
                "edit",
                "create"
              ],
              "type": "layout",
              "content": [
                {
                  "mode": [
                    "create",
                    "edit"
                  ],
                  "type": "field",
                  "options": {},
                  "selector": "seasonTitle"
                },
                {
                  "mode": [
                    "view"
                  ],
                  "type": "field",
                  "options": {
                    "readonly": true,
                    "hideIfEmpty": true
                  },
                  "selector": "seasonTitle"
                }
              ],
              "options": {
                "width": 9
              },
              "selector": "column"
            }
          ],
          "options": {},
          "selector": "row"
        },
        {
          "mode": [
            "view",
            "edit",
            "create"
          ],
          "type": "layout",
          "content": [
            {
              "mode": [
                "view",
                "edit",
                "create"
              ],
              "type": "layout",
              "content": [
                {
                  "mode": [
                    "edit",
                    "create"
                  ],
                  "type": "field",
                  "options": {},
                  "selector": "synopsis"
                },
                {
                  "mode": [
                    "view"
                  ],
                  "type": "field",
                  "options": {
                    "readonly": true,
                    "hideIfEmpty": true
                  },
                  "selector": "synopsis"
                }
              ],
              "options": {
                "width": 12
              },
              "selector": "column"
            }
          ],
          "options": {},
          "selector": "row"
        }
      ],
      "options": {
        "id": "season",
        "name": "Season :seasonNumber +:seasonTitle",
        "hidden": false,
        "addable": false,
        "collapsed": false,
        "removable": true,
        "actionsMenu": {
          "actions": [
            {
              "key": "addEpisodes",
              "title": "Add Episodes"
            }
          ]
        },
        "panelActionDependantFields": [
          "episodes"
        ]
      },
      "selector": "group"
    },
    {
      "mode": [
        "view",
        "edit",
        "create"
      ],
      "type": "layout",
      "content": [
        {
          "mode": [
            "view",
            "edit",
            "create"
          ],
          "type": "layout",
          "content": [
            {
              "mode": [
                "create"
              ],
              "type": "field",
              "options": {
                "width": 8
              },
              "selector": "episodes"
            },
            {
              "mode": [
                "view",
                "edit"
              ],
              "type": "field",
              "options": {
                "width": 8,
                "readonly": true
              },
              "selector": "episodes"
            }
          ],
          "options": {
            "width": 12
          },
          "selector": "column"
        }
      ],
      "options": {},
      "selector": "row"
    }
  ],
  "contentType": "cr-season"
}
