{
  "layoutSchema": [
    {
      "mode": [
        "create",
        "view",
        "edit"
      ],
      "type": "framework",
      "content": [
        {
          "mode": [
            "create",
            "view",
            "edit"
          ],
          "type": "layout",
          "content": [
            {
              "mode": [
                "create",
                "view",
                "edit"
              ],
              "type": "layout",
              "content": [
                {
                  "mode": [
                    "create",
                    "view",
                    "edit"
                  ],
                  "type": "field",
                  "selector": "commercialTitle"
                }
              ],
              "options": {
                "width": 4
              },
              "selector": "column"
            },
            {
              "mode": [
                "create",
                "view",
                "edit"
              ],
              "type": "layout",
              "content": [
                {
                  "mode": [
                    "create",
                    "view",
                    "edit"
                  ],
                  "type": "field",
                  "selector": "commercialChannel"
                }
              ],
              "options": {
                "width": 4
              },
              "selector": "column"
            },
            {
              "mode": [
                "create",
                "view",
                "edit"
              ],
              "type": "layout",
              "content": [
                {
                  "mode": [
                    "create",
                    "view",
                    "edit"
                  ],
                  "type": "field",
                  "selector": "isci"
                }
              ],
              "options": {
                "width": 4
              },
              "selector": "column"
            }
          ],
          "selector": "row"
        },
        {
          "mode": [
            "create",
            "view",
            "edit"
          ],
          "type": "layout",
          "content": [
            {
              "mode": [
                "create",
                "view",
                "edit"
              ],
              "type": "layout",
              "content": [
                {
                  "mode": [
                    "create",
                    "view",
                    "edit"
                  ],
                  "type": "field",
                  "selector": "deliveryId"
                }
              ],
              "options": {
                "width": 4
              },
              "selector": "column"
            },
            {
              "mode": [
                "create",
                "view",
                "edit"
              ],
              "type": "layout",
              "content": [
                {
                  "mode": [
                    "create",
                    "view",
                    "edit"
                  ],
                  "type": "field",
                  "selector": "client"
                }
              ],
              "options": {
                "width": 4
              },
              "selector": "column"
            },
            {
              "mode": [
                "create",
                "view",
                "edit"
              ],
              "type": "layout",
              "content": [
                {
                  "mode": [
                    "create",
                    "view",
                    "edit"
                  ],
                  "type": "field",
                  "selector": "agency"
                }
              ],
              "options": {
                "width": 4
              },
              "selector": "column"
            }
          ],
          "selector": "row"
        }
      ],
      "options": {
        "name": "Metadata",
        "collapsed": false
      },
      "selector": "card"
    },
    {
      "mode": [
        "create"
      ],
      "type": "field",
      "selector": "fileExplorerWithMetadata",
      "options": {
        "useFilenameFor": {
          "fileExtensions": [
            "mxf",
            "mov",
            "mpg",
            "avi"
          ],
          "fieldName": "commercialTitle"
        },
        "fileValidationOptions": {
          "fileExtensions": [
            "mxf",
            "mov",
            "scc",
            "avi",
            "mpg"
          ],
          "fileCategoryList": [
            {
              "extensions": [
                "mxf",
                "mov",
                "mpg",
                "avi"
              ],
              "category": "Video"
            },
            {
              "extensions": [
                "scc"
              ],
              "category": "Subtitle"
            }
          ],
          "fileLimit": [
            {
              "extensions": [
                "mxf",
                "mov",
                "mpg",
                "avi"
              ],
              "maxLimit": 1,
              "errorMessageToShow": "Only one video file can be uploaded per submission"
            },
            {
              "extensions": [
                "scc"
              ],
              "maxLimit": 1,
              "errorMessageToShow": "Only one caption file can be uploaded per submission"
            }
          ]
        }
      }
    }
  ],
  "contentType": "commercial"
}