{
	"layoutSchema": [
		{
			"mode": [
				"create",
				"view",
				"edit"
			],
			"type": "layout",
			"content": [
				{
					"mode": [
						"create",
						"view",
						"edit"
					],
					"type": "layout",
					"content": [
						{
							"mode": [
								"create",
								"view",
								"edit"
							],
							"type": "framework",
							"content": [
								{
									"mode": [
										"create",
										"view",
										"edit"
									],
									"type": "layout",
									"content": [
										{
											"mode": [
												"create",
												"view",
												"edit"
											],
											"type": "layout",
											"content": [
												{
													"mode": [
														"create",
														"view",
														"edit"
													],
													"type": "field",
													"selector": "systemOfOrigin"
												}
											],
											"options": {
												"width": 2
											},
											"selector": "column"
										},
										{
											"mode": [
												"create",
												"view",
												"edit"
											],
											"type": "layout",
											"content": [
												{
													"mode": [
														"create",
														"view",
														"edit"
													],
													"type": "field",
													"selector": "contentType"
												}
											],
											"options": {
												"width": 2
											},
											"selector": "column"
										},
										{
											"mode": [
												"create",
												"view",
												"edit"
											],
											"type": "layout",
											"content": [
												{
													"mode": [
														"create",
														"view",
														"edit"
													],
													"type": "field",
													"selector": "id"
												}
											],
											"options": {
												"width": 1
											},
											"selector": "column"
										},
										{
											"mode": [
												"create",
												"view",
												"edit"
											],
											"type": "layout",
											"content": [
												{
													"mode": [
														"create",
														"view",
														"edit"
													],
													"type": "field",
													"selector": "episodicTitle"
												}
											],
											"options": {
												"width": 3
											},
											"selector": "column"
										},
										{
											"mode": [
												"create",
												"view",
												"edit"
											],
											"type": "layout",
											"content": [
												{
													"mode": [
														"create",
														"view",
														"edit"
													],
													"type": "field",
													"selector": "channel"
												}
											],
											"options": {
												"width": 4
											},
											"selector": "column"
										}
									],
									"selector": "row"
								},
								{
									"mode": [
										"create",
										"view",
										"edit"
									],
									"type": "layout",
									"content": [
										{
											"mode": [
												"create",
												"view",
												"edit"
											],
											"type": "layout",
											"content": [
												{
													"mode": [
														"create",
														"view",
														"edit"
													],
													"type": "field",
													"selector": "series"
												}
											],
											"options": {
												"width": 3
											},
											"selector": "column"
										},
										{
											"mode": [
												"create",
												"view",
												"edit"
											],
											"type": "layout",
											"content": [
												{
													"mode": [
														"create",
														"view",
														"edit"
													],
													"type": "field",
													"selector": "season"
												}
											],
											"options": {
												"width": 2
											},
											"selector": "column"
										},
										{
											"mode": [
												"create",
												"view",
												"edit"
											],
											"type": "layout",
											"content": [
												{
													"mode": [
														"create",
														"view",
														"edit"
													],
													"type": "field",
													"selector": "episode"
												}
											],
											"options": {
												"width": 3
											},
											"selector": "column"
										},
										{
											"mode": [
												"create",
												"view",
												"edit"
											],
											"type": "layout",
											"content": [
												{
													"mode": [
														"create",
														"view",
														"edit"
													],
													"type": "field",
													"selector": "episodeVersion"
												}
											],
											"options": {
												"width": 4
											},
											"selector": "column"
										}
									],
									"selector": "row"
								}
							],
							"options": {
								"name": "Content Details",
								"collapsed": false
							},
							"selector": "group"
						}
					],
					"options": {
						"width": "12"
					},
					"selector": "column"
				}
			],
			"selector": "row"
		},
		{
			"mode": [
				"create",
				"view",
				"edit"
			],
			"type": "layout",
			"content": [
				{
					"mode": [
						"create",
						"view",
						"edit"
					],
					"type": "layout",
					"content": [
						{
							"mode": [
								"create",
								"view",
								"edit"
							],
							"type": "framework",
							"content": [
								{
									"mode": [
										"create",
										"view",
										"edit"
									],
									"type": "layout",
									"content": [
										{
											"mode": [
												"create",
												"view",
												"edit"
											],
											"type": "layout",
											"content": [
												{
													"mode": [
														"create",
														"view",
														"edit"
													],
													"type": "field",
													"selector": "seq"
												}
											],
											"options": {
												"width": 1
											},
											"selector": "column"
										},
										{
											"mode": [
												"create",
												"view",
												"edit"
											],
											"type": "layout",
											"content": [
												{
													"mode": [
														"create",
														"view",
														"edit"
													],
													"type": "field",
													"selector": "parent"
												}
											],
											"options": {
												"width": 1
											},
											"selector": "column"
										},
										{
											"mode": [
												"create",
												"view",
												"edit"
											],
											"type": "layout",
											"content": [
												{
													"mode": [
														"create",
														"view",
														"edit"
													],
													"type": "field",
													"selector": "rendition"
												}
											],
											"options": {
												"width": 2
											},
											"selector": "column"
										},
										{
											"mode": [
												"create",
												"view",
												"edit"
											],
											"type": "layout",
											"content": [
												{
													"mode": [
														"create",
														"view",
														"edit"
													],
													"type": "field",
													"selector": "format"
												}
											],
											"options": {
												"width": 2
											},
											"selector": "column"
										},
										{
											"mode": [
												"create",
												"view",
												"edit"
											],
											"type": "layout",
											"content": [
												{
													"mode": [
														"create",
														"view",
														"edit"
													],
													"type": "field",
													"selector": "workflow"
												}
											],
											"options": {
												"width": 2
											},
											"selector": "column"
										},
										{
											"mode": [
												"create",
												"view",
												"edit"
											],
											"type": "layout",
											"content": [
												{
													"mode": [
														"create",
														"view",
														"edit"
													],
													"type": "field",
													"selector": "archivalRule"
												}
											],
											"options": {
												"width": 2
											},
											"selector": "column"
										},
										{
											"mode": [
												"create",
												"view",
												"edit"
											],
											"type": "layout",
											"content": [
												{
													"mode": [
														"create",
														"view",
														"edit"
													],
													"type": "field",
													"selector": "fileFolder"
												}
											],
											"options": {
												"width": 1
											},
											"selector": "column"
										},
										{
											"mode": [
												"create",
												"view",
												"edit"
											],
											"type": "layout",
											"content": [
												{
													"mode": [
														"create",
														"view",
														"edit"
													],
													"type": "field",
													"selector": "audioAttributes"
												}
											],
											"options": {
												"width": 1
											},
											"selector": "column"
										}
									],
									"selector": "row"
								}
							],
							"options": {
								"name": "Rendition",
								"collapsed": false
							},
							"selector": "group"
						}
					],
					"options": {
						"width": "12"
					},
					"selector": "column"
				}
			],
			"selector": "row"
		},
		{
			"mode": [
				"create",
				"view",
				"edit"
			],
			"type": "layout",
			"content": [
				{
					"mode": [
						"create",
						"view",
						"edit"
					],
					"type": "layout",
					"content": [
						{
							"mode": [
								"create",
								"view",
								"edit"
							],
							"type": "framework",
							"content": [
								{
									"mode": [
										"create",
										"view",
										"edit"
									],
									"type": "layout",
									"content": [
										{
											"mode": [
												"create",
												"view",
												"edit"
											],
											"type": "layout",
											"content": [
												{
													"mode": [
														"create",
														"view",
														"edit"
													],
													"type": "field",
													"selector": "priority"
												}
											],
											"options": {
												"width": "12"
											},
											"selector": "column"
										}
									],
									"selector": "row"
								},
								{
									"mode": [
										"create",
										"view",
										"edit"
									],
									"type": "layout",
									"content": [
										{
											"mode": [
												"create",
												"view",
												"edit"
											],
											"type": "layout",
											"content": [
												{
													"mode": [
														"create",
														"view",
														"edit"
													],
													"type": "field",
													"selector": "overwrite"
												}
											],
											"options": {
												"width": "4"
											},
											"selector": "column"
										},
										{
											"mode": [
												"create",
												"view",
												"edit"
											],
											"type": "layout",
											"content": [
												{
													"mode": [
														"create",
														"view",
														"edit"
													],
													"type": "field",
													"selector": "deleteOriginalAfterIngest"
												}
											],
											"options": {
												"width": "4"
											},
											"selector": "column"
										}
									],
									"selector": "row"
								}
							],
							"options": {
								"name": "Work Order Details"
							},
							"selector": "group"
						},
						{
							"mode": [
								"create",
								"view",
								"edit"
							],
							"type": "framework",
							"content": [
								{
									"mode": [
										"create",
										"view",
										"edit"
									],
									"type": "layout",
									"content": [
										{
											"mode": [
												"create",
												"view",
												"edit"
											],
											"type": "layout",
											"content": [
												{
													"mode": [
														"create",
														"view",
														"edit"
													],
													"type": "field",
													"selector": "keywords"
												}
											],
											"options": {
												"width": "12"
											},
											"selector": "column"
										}
									],
									"selector": "row"
								}
							],
							"options": {
								"name": "Keyword"
							},
							"selector": "group"
						}
					],
					"options": {
						"width": 6
					},
					"selector": "column"
				},
				{
					"mode": [
						"create",
						"view",
						"edit"
					],
					"type": "layout",
					"content": [
						{
							"mode": [
								"create",
								"view",
								"edit"
							],
							"type": "framework",
							"content": [
								{
									"mode": [
										"create",
										"view",
										"edit"
									],
									"type": "layout",
									"content": [
										{
											"mode": [
												"create",
												"view",
												"edit"
											],
											"type": "layout",
											"content": [
												{
													"mode": [
														"create",
														"view",
														"edit"
													],
													"type": "field",
													"selector": "template"
												}
											],
											"options": {
												"width": "12"
											},
											"selector": "column"
										}
									],
									"selector": "row"
								}
							],
							"options": {
								"name": "Content Technical Attributes"
							},
							"selector": "group"
						}
					],
					"options": {
						"width": 6
					},
					"selector": "column"
				},
				{
					"mode": [
						"create",
						"view",
						"edit"
					],
					"type": "layout",
					"content": [
						{
							"mode": [
								"create",
								"view",
								"edit"
							],
							"type": "framework",
							"content": [
								{
									"mode": [
										"create",
										"view",
										"edit"
									],
									"type": "layout",
									"content": [
										{
											"mode": [
												"create",
												"view",
												"edit"
											],
											"type": "layout",
											"content": [
												{
													"mode": [
														"create",
														"view",
														"edit"
													],
													"type": "field",
													"selector": "contributorName"
												}
											],
											"options": {
												"width": "6"
											},
											"selector": "column"
										},
										{
											"mode": [
												"create",
												"view",
												"edit"
											],
											"type": "layout",
											"content": [
												{
													"mode": [
														"create",
														"view",
														"edit"
													],
													"type": "field",
													"selector": "contributorRole"
												}
											],
											"options": {
												"width": "6"
											},
											"selector": "column"
										}
									],
									"selector": "row"
								}
							],
							"options": {
								"name": "Contributors"
							},
							"selector": "group"
						}
					],
					"options": {
						"width": 6
					},
					"selector": "column"
				}
			],
			"selector": "row"
		},
		{
			"mode": [
				"create",
				"edit"
			],
			"type": "field",
			"selector": "fileExplorerWithMetadata",
			"options": {
				"useFilenameFor": {
					"fileExtensions": [
						"mxf",
						"mov",
						"scc",
						"srt",
						"stl"
					],
					"fieldName": "trackTitle"
				},
				"fileValidationOptions": {
					"fileExtensions": [
						"mxf",
						"mov",
						"scc",
						"srt",
						"stl"
					],
					"fileCategoryList": [
						{
							"extensions": [
								"mxf",
								"mov"
							],
							"category": "Submission Master"
						},
						{
							"extensions": [
								"mxf",
								"mov"
							],
							"category": "Textless Elements"
						},
						{
							"extensions": [
								"scc"
							],
							"category": "Caption File"
						},
						{
							"extensions": [
								"stl",
								"srt"
							],
							"category": "Subtitle File"
						}
					],
					"fileLimit": [
						{
							"extensions": [
								"mxf",
								"mov"
							],
							"maxLimit": 2,
							"errorMessageToShow": "Only two video files can be uploaded per submission: textless/submission master"
						},
						{
							"extensions": [
								"stl",
								"srt"
							],
							"maxLimit": 1,
							"errorMessageToShow": "Only one subtitle file can be uploaded per submission"
						},
						{
							"extensions": [
								"scc"
							],
							"maxLimit": 1,
							"errorMessageToShow": "Only one caption file can be uploaded per submission"
						}
					],
					"fileUniqueValue": {
						"lookupFieldNames": "files.fileCategory",
						"values": [
							"Submission Master",
							"Textless Elements"
						],
						"errorMessageToShow": "Submission must have one Submission Master and one Textless Elements"
					}
				}
			}
		}
	]
}