{
	"contentType": "ge-finished",
	"layoutSchema": [
	  {
		"mode": [
		  "create",
		  "view",
		  "edit"
		],
		"type": "layout",
		"content": [
		  {
			"mode": [
			  "create",
			  "view",
			  "edit"
			],
			"type": "layout",
			"content": [
			  {
				"mode": [
				  "create",
				  "view",
				  "edit"
				],
				"type": "framework",
				"content": [
				  {
					"mode": [
					  "create",
					  "view",
					  "edit"
					],
					"type": "layout",
					"content": [
					  {
						"mode": [
						  "create",
						  "view",
						  "edit"
						],
						"type": "layout",
						"content": [
						  {
							"mode": [
							  "create",
							  "view",
							  "edit"
							],
							"type": "field",
							"selector": "findEpisodeId"
						  }
						],
						"options": {
						  "width": 6
						},
						"selector": "column"
					  }
					],
					"selector": "row"
				  }
				],
				"options": {
				  "name": "Find Episode",
				  "collapsed": false
				},
				"selector": "group"
			  },
			  {
				"mode": [
				  "create",
				  "view",
				  "edit"
				],
				"type": "framework",
				"content": [
				  {
					"mode": [
					  "create",
					  "view",
					  "edit"
					],
					"type": "layout",
					"content": [
					  {
						"mode": [
						  "create",
						  "view",
						  "edit"
						],
						"type": "layout",
						"content": [
						  {
							"mode": [
							  "create",
							  "view",
							  "edit"
							],
							"type": "field",
							"selector": "episodicTitle"
						  }
						],
						"options": {
						  "width": 12
						},
						"selector": "column"
					  }
					],
					"selector": "row"
				  },
				  {
					"mode": [
					  "create",
					  "view",
					  "edit"
					],
					"type": "layout",
					"content": [
					  {
						"mode": [
						  "create",
						  "view",
						  "edit"
						],
						"type": "layout",
						"content": [
						  {
							"mode": [
							  "create",
							  "view",
							  "edit"
							],
							"type": "field",
							"selector": "series"
						  }
						],
						"options": {
						  "width": 12
						},
						"selector": "column"
					  }
					],
					"selector": "row"
				  },
				  {
					"mode": [
					  "create",
					  "view",
					  "edit"
					],
					"type": "layout",
					"content": [
					  {
						"mode": [
						  "create",
						  "view",
						  "edit"
						],
						"type": "layout",
						"content": [
						  {
							"mode": [
							  "create",
							  "view",
							  "edit"
							],
							"type": "field",
							"selector": "season"
						  }
						],
						"options": {
						  "width": 4
						},
						"selector": "column"
					  },
					  {
						"mode": [
						  "create",
						  "view",
						  "edit"
						],
						"type": "layout",
						"content": [
						  {
							"mode": [
							  "create",
							  "view",
							  "edit"
							],
							"type": "field",
							"selector": "episode"
						  }
						],
						"options": {
						  "width": 4
						},
						"selector": "column"
					  },
					  {
						"mode": [
						  "create",
						  "view",
						  "edit"
						],
						"type": "layout",
						"content": [
						  {
							"mode": [
							  "create",
							  "view",
							  "edit"
							],
							"type": "field",
							"selector": "episodeVersion"
						  }
						],
						"options": {
						  "width": 4
						},
						"selector": "column"
					  }
					],
					"selector": "row"
				  }
				],
				"options": {
				  "name": "Episode Details",
				  "collapsed": false
				},
				"selector": "group"
			  }
			],
			"options": {
			  "width": 8
			},
			"selector": "column"
		  },
		  {
			"mode": [
			  "create",
			  "view",
			  "edit"
			],
			"type": "layout",
			"content": [
			  {
				"mode": [
				  "create",
				  "view",
				  "edit"
				],
				"type": "framework",
				"content": [
				  {
					"mode": [
					  "create",
					  "edit"
					],
					"type": "field",
					"selector": "fileExplorerWithMetadata",
					"options": {
					  "hideBoxShadow": true,
					  "useFilenameFor": {
						"fileExtensions": [
						  "mxf",
						  "mov",
						  "scc",
						  "srt",
						  "stl"
						],
						"fieldName": "trackTitle"
					  },
					  "fileValidationOptions": {
						"fileExtensions": [
						  "mxf",
						  "mov",
						  "scc",
						  "srt",
						  "stl"
						],
						"fileCategoryList": [
						  {
							"extensions": [
							  "mxf",
							  "mov"
							],
							"category": "Submission Master"
						  },
						  {
							"extensions": [
							  "mxf",
							  "mov"
							],
							"category": "Textless Elements"
						  },
						  {
							"extensions": [
							  "scc"
							],
							"category": "Caption File"
						  },
						  {
							"extensions": [
							  "stl",
							  "srt"
							],
							"category": "Subtitle File"
						  }
						],
						"fileLimit": [
						  {
							"extensions": [
							  "mxf",
							  "mov"
							],
							"maxLimit": 2,
							"errorMessageToShow": "Only two video files can be uploaded per submission: textless/submission master"
						  },
						  {
							"extensions": [
							  "stl",
							  "srt"
							],
							"maxLimit": 1,
							"errorMessageToShow": "Only one subtitle file can be uploaded per submission"
						  },
						  {
							"extensions": [
							  "scc"
							],
							"maxLimit": 1,
							"errorMessageToShow": "Only one caption file can be uploaded per submission"
						  }
						],
						"fileUniqueValue": {
						  "lookupFieldNames": "files.fileCategory",
						  "values": [
							"Submission Master",
							"Textless Elements"
						  ],
						  "errorMessageToShow": "Submission must have one Submission Master and one Textless Elements"
						}
					  }
					}
				  }
				],
				"options": {
				  "name": "Upload",
				  "collapsed": false
				},
				"selector": "group"
			  },
			  {
				"mode": [
				  "create",
				  "view",
				  "edit"
				],
				"type": "framework",
				"content": [
				  {
					"mode": [
					  "create",
					  "view",
					  "edit"
					],
					"type": "layout",
					"content": [
					  {
						"mode": [
						  "create",
						  "view",
						  "edit"
						],
						"type": "field",
						"selector": "platformLinear"
					  }
					],
					"options": {
					  "width": 4
					},
					"selector": "column"
				  },
				  {
					"mode": [
					  "create",
					  "view",
					  "edit"
					],
					"type": "layout",
					"content": [
					  {
						"mode": [
						  "create",
						  "view",
						  "edit"
						],
						"type": "field",
						"selector": "multiplatform"
					  }
					],
					"options": {
					  "width": 4
					},
					"selector": "column"
				  }
				],
				"options": {
				  "name": "Platform",
				  "collapsed": false
				},
				"selector": "group"
			  }
			],
			"options": {
			  "width": 4
			},
			"selector": "column"
		  }
		],
		"selector": "row"
	  },
	  {
		"mode": [
		  "create",
		  "view",
		  "edit"
		],
		"type": "framework",
		"content": [],
		"options": {
		  "name": "Segment Details",
		  "collapsed": false
		},
		"selector": "group"
	  }
	]
  }