{
  "layoutSchema": [
    {
      "mode": [
        "view",
        "edit",
        "create"
      ],
      "type": "layout",
      "content": [
        {
          "mode": [
            "view",
            "edit",
            "create"
          ],
          "type": "layout",
          "content": [
            {
              "mode": [
                "view",
                "edit",
                "create"
              ],
              "type": "framework",
              "content": [
                {
                  "mode": [
                    "view",
                    "edit",
                    "create"
                  ],
                  "type": "layout",
                  "content": [
                    {
                      "mode": [
                        "view",
                        "edit",
                        "create"
                      ],
                      "type": "layout",
                      "content": [
                        {
                          "mode": [
                            "edit",
                            "create"
                          ],
                          "type": "field",
                          "options": {},
                          "selector": "trackTitle"
                        },
                        {
                          "mode": [
                            "view"
                          ],
                          "type": "field",
                          "options": {
                            "readonly": true
                          },
                          "selector": "trackTitle"
                        }
                      ],
                      "options": {
                        "width": 12
                      },
                      "selector": "column"
                    }
                  ],
                  "options": {},
                  "selector": "row"
                },
                {
                  "mode": [
                    "view",
                    "edit",
                    "create"
                  ],
                  "type": "layout",
                  "content": [
                    {
                      "mode": [
                        "view",
                        "edit",
                        "create"
                      ],
                      "type": "layout",
                      "content": [
                        {
                          "mode": [
                            "edit",
                            "create"
                          ],
                          "type": "field",
                          "options": {},
                          "selector": "artists"
                        },
                        {
                          "mode": [
                            "view"
                          ],
                          "type": "field",
                          "options": {
                            "readonly": true
                          },
                          "selector": "artists"
                        }
                      ],
                      "options": {
                        "width": 12
                      },
                      "selector": "column"
                    }
                  ],
                  "options": {},
                  "selector": "row"
                }
              ],
              "options": {
                "name": "Track Title & Artists",
                "collapsed": false
              },
              "selector": "group"
            },
            {
              "mode": [
                "view",
                "edit",
                "create"
              ],
              "type": "framework",
              "content": [
                {
                  "mode": [
                    "view",
                    "edit",
                    "create"
                  ],
                  "type": "layout",
                  "content": [
                    {
                      "mode": [
                        "view",
                        "edit",
                        "create"
                      ],
                      "type": "layout",
                      "content": [
                        {
                          "mode": [
                            "edit",
                            "create"
                          ],
                          "type": "field",
                          "options": {},
                          "selector": "albumTitle"
                        },
                        {
                          "mode": [
                            "view"
                          ],
                          "type": "field",
                          "options": {
                            "readonly": true
                          },
                          "selector": "albumTitle"
                        }
                      ],
                      "options": {
                        "width": 12
                      },
                      "selector": "column"
                    }
                  ],
                  "options": {},
                  "selector": "row"
                },
                {
                  "mode": [
                    "view",
                    "edit",
                    "create"
                  ],
                  "type": "layout",
                  "content": [
                    {
                      "mode": [
                        "view",
                        "edit",
                        "create"
                      ],
                      "type": "layout",
                      "content": [
                        {
                          "mode": [
                            "edit",
                            "create"
                          ],
                          "type": "field",
                          "options": {},
                          "selector": "recordCompany"
                        },
                        {
                          "mode": [
                            "view"
                          ],
                          "type": "field",
                          "options": {
                            "readonly": true
                          },
                          "selector": "recordCompany"
                        }
                      ],
                      "options": {
                        "width": 12
                      },
                      "selector": "column"
                    }
                  ],
                  "options": {},
                  "selector": "row"
                },
                {
                  "mode": [
                    "view",
                    "edit",
                    "create"
                  ],
                  "type": "layout",
                  "content": [
                    {
                      "mode": [
                        "view",
                        "edit",
                        "create"
                      ],
                      "type": "layout",
                      "content": [
                        {
                          "mode": [
                            "edit",
                            "create"
                          ],
                          "type": "field",
                          "options": {},
                          "selector": "recordLabel"
                        },
                        {
                          "mode": [
                            "view"
                          ],
                          "type": "field",
                          "options": {
                            "readonly": true
                          },
                          "selector": "recordLabel"
                        }
                      ],
                      "options": {
                        "width": 4
                      },
                      "selector": "column"
                    },
                    {
                      "mode": [
                        "view",
                        "edit",
                        "create"
                      ],
                      "type": "layout",
                      "content": [
                        {
                          "mode": [
                            "edit",
                            "create"
                          ],
                          "type": "field",
                          "options": {},
                          "selector": "yearOfProduction"
                        },
                        {
                          "mode": [
                            "view"
                          ],
                          "type": "field",
                          "options": {
                            "readonly": true
                          },
                          "selector": "yearOfProduction"
                        }
                      ],
                      "options": {
                        "width": 4
                      },
                      "selector": "column"
                    },
                    {
                      "mode": [
                        "view",
                        "edit",
                        "create"
                      ],
                      "type": "layout",
                      "content": [
                        {
                          "mode": [
                            "edit",
                            "create"
                          ],
                          "type": "field",
                          "options": {},
                          "selector": "albumReleaseDate"
                        },
                        {
                          "mode": [
                            "view"
                          ],
                          "type": "field",
                          "options": {
                            "readonly": true
                          },
                          "selector": "albumReleaseDate"
                        }
                      ],
                      "options": {
                        "width": 4
                      },
                      "selector": "column"
                    }
                  ],
                  "options": {},
                  "selector": "row"
                }
              ],
              "options": {
                "name": "Album & Records",
                "collapsed": false
              },
              "selector": "group"
            },
            {
              "mode": [
                "view",
                "edit",
                "create"
              ],
              "type": "framework",
              "content": [
                {
                  "mode": [
                    "view",
                    "edit",
                    "create"
                  ],
                  "type": "layout",
                  "content": [
                    {
                      "mode": [
                        "view",
                        "edit",
                        "create"
                      ],
                      "type": "layout",
                      "content": [
                        {
                          "mode": [
                            "edit",
                            "create"
                          ],
                          "type": "field",
                          "options": {},
                          "selector": "publishers"
                        },
                        {
                          "mode": [
                            "view"
                          ],
                          "type": "field",
                          "options": {
                            "readonly": true
                          },
                          "selector": "publishers"
                        }
                      ],
                      "options": {
                        "width": 12
                      },
                      "selector": "column"
                    }
                  ],
                  "options": {},
                  "selector": "row"
                },
                {
                  "mode": [
                    "view",
                    "edit",
                    "create"
                  ],
                  "type": "layout",
                  "content": [
                    {
                      "mode": [
                        "view",
                        "edit",
                        "create"
                      ],
                      "type": "layout",
                      "content": [
                        {
                          "mode": [
                            "edit",
                            "create"
                          ],
                          "type": "field",
                          "options": {},
                          "selector": "composers"
                        },
                        {
                          "mode": [
                            "view"
                          ],
                          "type": "field",
                          "options": {
                            "readonly": true
                          },
                          "selector": "composers"
                        }
                      ],
                      "options": {
                        "width": 12
                      },
                      "selector": "column"
                    }
                  ],
                  "options": {},
                  "selector": "row"
                },
                {
                  "mode": [
                    "view",
                    "edit",
                    "create"
                  ],
                  "type": "layout",
                  "content": [
                    {
                      "mode": [
                        "view",
                        "edit",
                        "create"
                      ],
                      "type": "layout",
                      "content": [
                        {
                          "mode": [
                            "edit",
                            "create"
                          ],
                          "type": "field",
                          "options": {},
                          "selector": "directors"
                        },
                        {
                          "mode": [
                            "view"
                          ],
                          "type": "field",
                          "options": {
                            "readonly": true
                          },
                          "selector": "directors"
                        }
                      ],
                      "options": {
                        "width": 12
                      },
                      "selector": "column"
                    }
                  ],
                  "options": {},
                  "selector": "row"
                }
              ],
              "options": {
                "name": "Contributors",
                "collapsed": false
              },
              "selector": "group"
            },
            {
              "mode": [
                "view",
                "edit",
                "create"
              ],
              "type": "framework",
              "content": [
                {
                  "mode": [
                    "view",
                    "edit",
                    "create"
                  ],
                  "type": "layout",
                  "content": [
                    {
                      "mode": [
                        "view",
                        "edit",
                        "create"
                      ],
                      "type": "layout",
                      "content": [
                        {
                          "mode": [
                            "edit",
                            "create"
                          ],
                          "type": "field",
                          "options": {},
                          "selector": "rights"
                        },
                        {
                          "mode": [
                            "view"
                          ],
                          "type": "field",
                          "options": {
                            "readonly": true
                          },
                          "selector": "rights"
                        }
                      ],
                      "options": {
                        "width": 12
                      },
                      "selector": "column"
                    }
                  ],
                  "options": {},
                  "selector": "row"
                },
                {
                  "mode": [
                    "view",
                    "edit",
                    "create"
                  ],
                  "type": "layout",
                  "content": [
                    {
                      "mode": [
                        "view",
                        "edit",
                        "create"
                      ],
                      "type": "layout",
                      "content": [
                        {
                          "mode": [
                            "edit",
                            "create"
                          ],
                          "type": "field",
                          "options": {},
                          "selector": "explicit"
                        },
                        {
                          "mode": [
                            "view"
                          ],
                          "type": "field",
                          "options": {
                            "readonly": true
                          },
                          "selector": "explicit"
                        }
                      ],
                      "options": {
                        "width": 4
                      },
                      "selector": "column"
                    },
                    {
                      "mode": [
                        "view",
                        "edit",
                        "create"
                      ],
                      "type": "layout",
                      "content": [
                        {
                          "mode": [
                            "edit",
                            "create"
                          ],
                          "type": "field",
                          "options": {},
                          "selector": "compliance"
                        },
                        {
                          "mode": [
                            "view"
                          ],
                          "type": "field",
                          "options": {
                            "readonly": true
                          },
                          "selector": "compliance"
                        }
                      ],
                      "options": {
                        "width": 5
                      },
                      "selector": "column"
                    }
                  ],
                  "options": {},
                  "selector": "row"
                }
              ],
              "options": {
                "name": "Rights",
                "collapsed": false
              },
              "selector": "group"
            },
            {
              "mode": [
                "view",
                "edit",
                "create"
              ],
              "type": "framework",
              "content": [
                {
                  "mode": [
                    "view",
                    "edit",
                    "create"
                  ],
                  "type": "layout",
                  "content": [
                    {
                      "mode": [
                        "view",
                        "edit",
                        "create"
                      ],
                      "type": "layout",
                      "content": [
                        {
                          "mode": [
                            "edit",
                            "create"
                          ],
                          "type": "field",
                          "options": {},
                          "selector": "notes"
                        },
                        {
                          "mode": [
                            "view"
                          ],
                          "type": "field",
                          "options": {
                            "readonly": true
                          },
                          "selector": "notes"
                        }
                      ],
                      "options": {
                        "width": 12
                      },
                      "selector": "column"
                    }
                  ],
                  "options": {},
                  "selector": "row"
                }
              ],
              "options": {
                "name": "Notes",
                "collapsed": false
              },
              "selector": "group"
            }
          ],
          "options": {
            "width": 8
          },
          "selector": "column"
        },
        {
          "mode": [
            "view",
            "edit",
            "create"
          ],
          "type": "layout",
          "content": [
            {
              "mode": [
                "view",
                "edit"
              ],
              "type": "layout",
              "content": [
                {
                  "mode": [
                    "view",
                    "edit"
                  ],
                  "type": "layout",
                  "content": [
                    {
                      "mode": [
                        "edit"
                      ],
                      "type": "field",
                      "selector": "previewUrl"
                    },
                    {
                      "mode": [
                        "view"
                      ],
                      "type": "field",
                      "options": {
                        "readonly": true
                      },
                      "selector": "previewUrl"
                    }
                  ],
                  "options": {
                    "width": 12
                  },
                  "selector": "column"
                }
              ],
              "selector": "row"
            },
            {
              "mode": [
                "view",
                "edit"
              ],
              "type": "framework",
              "content": [
                {
                  "mode": [
                    "view",
                    "edit"
                  ],
                  "type": "layout",
                  "content": [
                    {
                      "mode": [
                        "view",
                        "edit"
                      ],
                      "type": "layout",
                      "content": [
                        {
                          "mode": [
                            "edit"
                          ],
                          "type": "field",
                          "selector": "submissionStatus"
                        },
                        {
                          "mode": [
                            "view"
                          ],
                          "type": "field",
                          "options": {
                            "readonly": true
                          },
                          "selector": "submissionStatus"
                        }
                      ],
                      "options": {
                        "width": 12
                      },
                      "selector": "column"
                    }
                  ],
                  "selector": "row"
                },
                {
                  "mode": [
                    "view",
                    "edit"
                  ],
                  "type": "layout",
                  "content": [
                    {
                      "mode": [
                        "view",
                        "edit"
                      ],
                      "type": "layout",
                      "content": [
                        {
                          "mode": [
                            "edit"
                          ],
                          "type": "field",
                          "options": {},
                          "selector": "createdBy"
                        },
                        {
                          "mode": [
                            "view"
                          ],
                          "type": "field",
                          "options": {
                            "readonly": true
                          },
                          "selector": "createdBy"
                        }
                      ],
                      "options": {
                        "width": 12
                      },
                      "selector": "column"
                    }
                  ],
                  "selector": "row"
                },
                {
                  "mode": [
                    "view",
                    "edit"
                  ],
                  "type": "layout",
                  "content": [
                    {
                      "mode": [
                        "view",
                        "edit"
                      ],
                      "type": "layout",
                      "content": [
                        {
                          "mode": [
                            "edit"
                          ],
                          "type": "field",
                          "options": {},
                          "selector": "createdDate"
                        },
                        {
                          "mode": [
                            "view"
                          ],
                          "type": "field",
                          "options": {
                            "readonly": true
                          },
                          "selector": "createdDate"
                        }
                      ],
                      "options": {
                        "width": 12
                      },
                      "selector": "column"
                    }
                  ],
                  "selector": "row"
                },
                {
                  "mode": [
                    "view",
                    "edit"
                  ],
                  "type": "layout",
                  "content": [
                    {
                      "mode": [
                        "view",
                        "edit"
                      ],
                      "type": "layout",
                      "content": [
                        {
                          "mode": [
                            "edit"
                          ],
                          "type": "field",
                          "options": {},
                          "selector": "submittedBy"
                        },
                        {
                          "mode": [
                            "view"
                          ],
                          "type": "field",
                          "options": {
                            "readonly": true
                          },
                          "selector": "submittedBy"
                        }
                      ],
                      "options": {
                        "width": 12
                      },
                      "selector": "column"
                    }
                  ],
                  "selector": "row"
                },
                {
                  "mode": [
                    "view",
                    "edit"
                  ],
                  "type": "layout",
                  "content": [
                    {
                      "mode": [
                        "view",
                        "edit"
                      ],
                      "type": "layout",
                      "content": [
                        {
                          "mode": [
                            "edit"
                          ],
                          "type": "field",
                          "options": {},
                          "selector": "submittedDate"
                        },
                        {
                          "mode": [
                            "view"
                          ],
                          "type": "field",
                          "options": {
                            "readonly": true
                          },
                          "selector": "submittedDate"
                        }
                      ],
                      "options": {
                        "width": 12
                      },
                      "selector": "column"
                    }
                  ],
                  "selector": "row"
                },
                {
                  "mode": [
                    "view",
                    "edit"
                  ],
                  "type": "layout",
                  "content": [
                    {
                      "mode": [
                        "view",
                        "edit"
                      ],
                      "type": "layout",
                      "content": [
                        {
                          "mode": [
                            "edit"
                          ],
                          "type": "field",
                          "options": {},
                          "selector": "comments"
                        },
                        {
                          "mode": [
                            "view"
                          ],
                          "type": "field",
                          "options": {
                            "readonly": true
                          },
                          "selector": "comments"
                        }
                      ],
                      "options": {
                        "width": 12
                      },
                      "selector": "column"
                    }
                  ],
                  "selector": "row"
                },
                {
                  "mode": [
                    "view",
                    "edit"
                  ],
                  "type": "layout",
                  "content": [
                    {
                      "mode": [
                        "view",
                        "edit"
                      ],
                      "type": "layout",
                      "content": [
                        {
                          "mode": [
                            "edit"
                          ],
                          "type": "field",
                          "options": {},
                          "selector": "sharedBy"
                        },
                        {
                          "mode": [
                            "view"
                          ],
                          "type": "field",
                          "options": {
                            "readonly": true
                          },
                          "selector": "sharedBy"
                        }
                      ],
                      "options": {
                        "width": 12
                      },
                      "selector": "column"
                    }
                  ],
                  "selector": "row"
                }
              ],
              "options": {
                "name": "Submission Details",
                "collapsed": false
              },
              "selector": "group"
            },
            {
              "mode": [
                "view",
                "edit",
                "create"
              ],
              "type": "framework",
              "content": [
                {
                  "mode": [
                    "view",
                    "edit",
                    "create"
                  ],
                  "type": "layout",
                  "content": [
                    {
                      "mode": [
                        "view",
                        "edit",
                        "create"
                      ],
                      "type": "layout",
                      "content": [
                        {
                          "mode": [
                            "edit",
                            "create"
                          ],
                          "type": "field",
                          "options": {},
                          "selector": "isrc"
                        },
                        {
                          "mode": [
                            "view"
                          ],
                          "type": "field",
                          "options": {
                            "readonly": true
                          },
                          "selector": "isrc"
                        }
                      ],
                      "options": {
                        "width": 12
                      },
                      "selector": "column"
                    }
                  ],
                  "options": {},
                  "selector": "row"
                },
                {
                  "mode": [
                    "view",
                    "edit",
                    "create"
                  ],
                  "type": "layout",
                  "content": [
                    {
                      "mode": [
                        "view",
                        "edit",
                        "create"
                      ],
                      "type": "layout",
                      "content": [
                        {
                          "mode": [
                            "edit",
                            "create"
                          ],
                          "type": "field",
                          "options": {},
                          "selector": "version"
                        },
                        {
                          "mode": [
                            "view"
                          ],
                          "type": "field",
                          "options": {
                            "readonly": true
                          },
                          "selector": "version"
                        }
                      ],
                      "options": {
                        "width": 12
                      },
                      "selector": "column"
                    }
                  ],
                  "options": {},
                  "selector": "row"
                },
                {
                  "mode": [
                    "view",
                    "edit",
                    "create"
                  ],
                  "type": "layout",
                  "content": [
                    {
                      "mode": [
                        "view",
                        "edit",
                        "create"
                      ],
                      "type": "layout",
                      "content": [
                        {
                          "mode": [
                            "edit",
                            "create"
                          ],
                          "type": "field",
                          "options": {},
                          "selector": "originalLanguage"
                        },
                        {
                          "mode": [
                            "view"
                          ],
                          "type": "field",
                          "options": {
                            "readonly": true
                          },
                          "selector": "originalLanguage"
                        }
                      ],
                      "options": {
                        "width": 12
                      },
                      "selector": "column"
                    }
                  ],
                  "options": {},
                  "selector": "row"
                },
                {
                  "mode": [
                    "view",
                    "edit",
                    "create"
                  ],
                  "type": "layout",
                  "content": [
                    {
                      "mode": [
                        "view",
                        "edit",
                        "create"
                      ],
                      "type": "layout",
                      "content": [
                        {
                          "mode": [
                            "edit",
                            "create"
                          ],
                          "type": "field",
                          "options": {},
                          "selector": "artistCountry"
                        },
                        {
                          "mode": [
                            "view"
                          ],
                          "type": "field",
                          "options": {
                            "readonly": true
                          },
                          "selector": "artistCountry"
                        }
                      ],
                      "options": {
                        "width": 12
                      },
                      "selector": "column"
                    }
                  ],
                  "options": {},
                  "selector": "row"
                },
                {
                  "mode": [
                    "view",
                    "edit",
                    "create"
                  ],
                  "type": "layout",
                  "content": [
                    {
                      "mode": [
                        "view",
                        "edit",
                        "create"
                      ],
                      "type": "layout",
                      "content": [
                        {
                          "mode": [
                            "edit",
                            "create"
                          ],
                          "type": "field",
                          "options": {},
                          "selector": "countryOfProduction"
                        },
                        {
                          "mode": [
                            "view"
                          ],
                          "type": "field",
                          "options": {
                            "readonly": true
                          },
                          "selector": "countryOfProduction"
                        }
                      ],
                      "options": {
                        "width": 12
                      },
                      "selector": "column"
                    }
                  ],
                  "options": {},
                  "selector": "row"
                }
              ],
              "options": {
                "name": "Details",
                "collapsed": false
              },
              "selector": "group"
            }
          ],
          "options": {
            "width": 4
          },
          "selector": "column"
        },
        {
          "content": [
            {
              "content": [
                {
                  "content": [
                    {
                      "options": {
                        "width": 12
                      },
                      "selector": "column",
                      "type": "layout",
                      "mode": [
                        "create"
                      ],
                      "content": [
                        {
                          "options": {},
                          "selector": "termsAndConditions",
                          "type": "field",
                          "mode": [
                            "create"
                          ],
                          "content": []
                        }
                      ]
                    }
                  ],
                  "options": {},
                  "selector": "row",
                  "mode": [
                    "create"
                  ],
                  "type": "layout"
                }
              ],
              "options": {
                "collapsed": false,
                "name": "Terms and Conditions"
              },
              "selector": "group",
              "mode": [
                "create"
              ],
              "type": "framework"
            }
          ],
          "options": {
            "width": 4
          },
          "selector": "column",
          "mode": [
            "create"
          ],
          "type": "layout"
        }
      ],
      "options": {
        "regionRequired":true
      },
      "selector": "row"
    },
    {
      "mode": [
        "create",
        "edit"
      ],
      "type": "field",
      "selector": "fileExplorerWithMetadata",
      "options": {
        "useFilenameFor": {
          "fileExtensions": [
            "pdf",
            "stl",
            "mxf",
            "doc",
            "docx",
            "rtf",
            "mov"
          ],
          "fieldName": "trackTitle"
        },
        "fileValidationOptions": {
          "fileExtensions": [
            "pdf",
            "stl",
            "mxf",
            "doc",
            "docx",
            "rtf",
            "mov"
          ],
          "fileCategoryList": [
            {
              "extensions": [
                "mxf",
                "mov"
              ],
              "category": "Video"
            },
            {
              "extensions": [
                "pdf",
                "doc",
                "docx",
                "rtf"
              ],
              "category": "Lyric Sheet"
            },
            {
              "extensions": [
                "stl"
              ],
              "category": "Subtitle"
            }
          ],
          "fileLimit": [
            {
              "extensions": [
                "mxf",
                "mov"
              ],
              "maxLimit": 1,
              "errorMessageToShow": "Only one video file can be uploaded per submission"
            },
            {
              "extensions": [
                "stl"
              ],
              "maxLimit": 1,
              "errorMessageToShow": "Only one subtitle file can be uploaded per submission"
            }
          ],
          "categoriesToHideForOtherTypes": [
            "Video"
          ]
        }
      }
    },
    {
      "mode": [
        "view"
      ],
      "type": "field",
      "selector": "fileExplorerWithMetadata",
      "options": {
        "readonly": true,
        "useFilenameFor": {
          "fileExtensions": [
            "pdf",
            "stl",
            "mxf",
            "doc",
            "docx",
            "rtf",
            "mov"
          ],
          "fieldName": "trackTitle"
        },
        "fileValidationOptions": {
          "fileExtensions": [
            "pdf",
            "stl",
            "mxf",
            "doc",
            "docx",
            "rtf",
            "mov"
          ],
          "fileCategoryList": [
            {
              "extensions": [
                "mxf",
                "mov"
              ],
              "category": "Video"
            },
            {
              "extensions": [
                "pdf",
                "doc",
                "docx",
                "rtf"
              ],
              "category": "Lyric Sheet"
            },
            {
              "extensions": [
                "stl"
              ],
              "category": "Subtitle"
            }
          ],
          "fileLimit": [
            {
              "extensions": [
                "mxf",
                "mov"
              ],
              "maxLimit": 1,
              "errorMessageToShow": "Only one video file can be uploaded per submission"
            },
            {
              "extensions": [
                "stl"
              ],
              "maxLimit": 1,
              "errorMessageToShow": "Only one subtitle file can be uploaded per submission"
            }
          ]
        }
      }
    }
  ],
  "contentType": "music-video"
}