{
  "fieldSchema" : {
    "name" : "ownerChannel",
    "type" : "dropdown",
    "label" : "Linear origin channel",
    "options" : [ {
      "fieldKey" : "channel",
      "defaultValue" : {
        "field" : "..ownerChannel"
      }
    } ],
    "dependency" : [ {
      "field" : "brand",
      "action" : "filterBy"
    }, {
      "field" : "provenance",
      "value" : "Acquired",
      "action" : "disable"
    } ],
    "validators" : [ {
      "required" : false
    } ],
    "multiSelect" : false
  },
  "fieldKey" : "linearOriginChannel"
}