{
  "fieldSchema": {
    "name": "seasons",
    "type": "cr-season",
    "label": "Season",
    "schema": "cr-season",
    "options": [
      {
        "showAddAction": {
          "atRowIndex": 0
        },
        "enableValidator": true,
        "hideRemoveAction": {
          "atRowIndex": 0
        }
      }
    ],
    "dependency": [{
      "field": "hasSeasons",
      "action": "disable",
      "value": false
    },{
      "field": "hasSeasons",
      "action": "addable"
    }],
    "validators": [
      {
        "modifiedValue": true,
        "required": true
      }
    ],
    "multiSelect": false
  },
  "fieldKey": "seasons"
}
